"dash/usdt-exmo-coss","2019-08-08T13:48:32.496Z","DASH/USDT",0.00950953,"exmo",105.15765526,"coss",164,196.21743267,20547.45578703,55.7004
"cro/btc-kucoin-livecoin","2019-08-08T13:50:08.067Z","CRO/BTC",248138.95781638,"kucoin",0.00000403,"livecoin",0.0000045,219871.29721243,0.8681668653569468,11.4509
"eth/usd-cobinhood-livecoin","2019-08-08T13:50:08.126Z","ETH/USD",0.00550025,"cobinhood",181.81,"livecoin",226,0,,24.0813
"leo/btc-bitz-okex","2019-08-08T13:50:08.139Z","LEO/BTC",371747.21189591,"bitz",0.00000269,"okex",0.00010533,12882.1,0.03,3811.5978
"xlm/usd-kraken-coss","2019-08-08T13:50:08.280Z","XLM/USD",12.94665976,"kraken",0.07724,"coss",0.088,2478370.7226612,193036.37976233906,13.7167
"omg/usd-bitfinex-coss","2019-08-08T13:50:08.239Z","OMG/USD",0.69988802,"bitfinex",1.4288,"coss",1.6,229644.49012521,,11.7701
"dash/usdt-exmo-coss","2019-08-08T13:50:08.078Z","DASH/USDT",0.00950953,"exmo",105.15765526,"coss",164,195.76595663,20566.31982172,55.7004
"cro/btc-hitbtc-livecoin","2019-08-08T13:51:08.359Z","CRO/BTC",248323.81425379,"hitbtc",0.000004027,"livecoin",0.0000045,3409734.6,13.6393949819,11.534
"leo/btc-bitz-bitfinex","2019-08-08T13:51:17.901Z","LEO/BTC",371747.21189591,"bitz",0.00000269,"bitfinex",0.00010538,12882.1,0.03,3813.4546
"bat/btc-bittrex-zb","2019-08-08T13:56:54.410Z","BAT/BTC",54764.51259584,"bittrex",0.00001826,"zb",0.0000187379,2836472.2548508,51.96720646,2.4146
"btg/usd-exmo-livecoin","2019-08-08T13:56:54.417Z","BTG/USD",0.0622665,"exmo",16.05999997,"livecoin",17,4009.56537183,64223.40981201,5.6472
"cro/btc-kucoin-livecoin","2019-08-08T13:56:54.419Z","CRO/BTC",248138.95781638,"kucoin",0.00000403,"livecoin",0.0000045,221002.48871243,0.8724935517099468,11.4509
"dash/usdt-zb-coss","2019-08-08T13:56:54.420Z","DASH/USDT",0.00951104,"zb",105.141,"coss",164,430210.837,,55.725
"etc/btc-poloniex-kraken","2019-08-08T13:56:54.423Z","ETC/BTC",1959.78520754,"poloniex",0.00051026,"kraken",0.000528,30291.66467004,15.22090929,3.2732
"etc/eth-bittrex-kraken","2019-08-08T13:56:54.424Z","ETC/ETH",37.16462181,"bittrex",0.02690731,"kraken",0.02789,3585.09248092,94.9301739,3.4485
"etc/usd-bittrex-kraken","2019-08-08T13:56:54.424Z","ETC/USD",0.16619578,"bittrex",6.017,"kraken",6.226,5476.7199412,32516.6309376,3.27
"eth/usdt-exmo-bleutrade","2019-08-08T13:56:54.426Z","ETH/USDT",0.00450192,"exmo",222.12754436,"bleutrade",228.99389,582.94304992,128830.04095087,2.8881
"leo/btc-bitz-okex","2019-08-08T13:56:54.426Z","LEO/BTC",371747.21189591,"bitz",0.00000269,"okex",0.00010531,12882.1,0.03,3810.855
"leo/eth-bitfinex-coss","2019-08-08T13:56:54.427Z","LEO/ETH",178.89087657,"bitfinex",0.00559,"coss",0.00581,985.64718276,,3.7317
"omg/btc-bittrex-coss","2019-08-08T13:56:54.428Z","OMG/BTC",8290.49908805,"bittrex",0.00012062,"coss",0.000125,22292.82220899,2.69233796,3.4276
"omg/eth-binance-coinexchange","2019-08-08T13:56:54.429Z","OMG/ETH",156.56802881,"binance",0.006387,"coinexchange",0.007,111831.75,709.87396845,9.388
"omg/usd-bitfinex-coss","2019-08-08T13:56:54.429Z","OMG/USD",0.699986,"bitfinex",1.4286,"coss",1.6,224950.76655609,,11.7858
"eth/usd-cobinhood-livecoin","2019-08-08T13:56:54.425Z","ETH/USD",0.00550025,"cobinhood",181.81,"livecoin",225.85,0,,23.9989
"qtum/eth-gateio-coinexchange","2019-08-08T13:56:54.430Z","QTUM/ETH",77.82101167,"gateio",0.01285,"coinexchange",0.0133,479.26221,6.15091984,3.2984
"trx/usd-bittrex-coss","2019-08-08T13:56:54.431Z","TRX/USD",45.45454545,"bittrex",0.022,"coss",0.023,4300387.43666937,94010.99684516,4.3409
"xlm/usd-kraken-coss","2019-08-08T13:56:54.432Z","XLM/USD",12.92423812,"kraken",0.077374,"coss",0.088,2478370.7226612,193036.40454604628,13.5196
"bch/usdt-coinexchange-zb","2019-08-08T13:56:54.415Z","BCH/USDT",0.00323721,"coinexchange",308.90754047,"zb",331.9,,0.35350057,7.2357
"zec/btc-poloniex-cobinhood","2019-08-08T13:56:54.433Z","ZEC/BTC",189.34481015,"poloniex",0.00528137,"cobinhood",0.0055,3534.80259669,18.6747516,3.9355
"bat/btc-hitbtc-zb","2019-08-08T13:57:12.663Z","BAT/BTC",54701.60275696,"hitbtc",0.000018281,"zb",0.0000187379,1411972.1,26.0870984133,2.2968
"dash/usdt-exmo-coss","2019-08-08T13:57:12.665Z","DASH/USDT",0.00950953,"exmo",105.15765526,"coss",164,195.9687487,20542.16736356,55.7004
"omg/eth-bitfinex-coinexchange","2019-08-08T13:57:34.204Z","OMG/ETH",156.56067509,"bitfinex",0.0063873,"coinexchange",0.007,2836.88525753,,9.3829
"bat/btc-poloniex-zb","2019-08-08T13:57:54.647Z","BAT/BTC",54644.80874317,"poloniex",0.0000183,"zb",0.0000187379,849126.050714,15.49751952,2.1905
"etc/eth-poloniex-kraken","2019-08-08T13:57:54.649Z","ETC/ETH",37.20931617,"poloniex",0.02687499,"kraken",0.02789,574.39899309,15.25791148,3.573
"omg/btc-bittrex-zb","2019-08-08T13:57:54.651Z","OMG/BTC",8290.49908805,"bittrex",0.00012062,"zb",0.00012677,22312.82220899,2.69474556,4.8936
"zec/btc-bitfinex-cobinhood","2019-08-08T13:58:26.341Z","ZEC/BTC",189.14318139,"bitfinex",0.005287,"cobinhood",0.0055,8468.49754408,,3.8247
"bat/btc-bitfinex-zb","2019-08-08T13:58:39.531Z","BAT/BTC",54585.15283843,"bitfinex",0.00001832,"zb",0.0000187379,31151.38214944,,2.0788
"bch/usdt-coinexchange-bitz","2019-08-08T13:58:39.533Z","BCH/USDT",0.00323721,"coinexchange",308.90754047,"bitz",331.3,,0.35350057,7.0417
"etc/eth-binance-kraken","2019-08-08T13:58:39.534Z","ETC/ETH",37.18578016,"binance",0.026892,"kraken",0.02789,20056.34,534.74559432,3.5074
"eth/usdt-bittrex-bleutrade","2019-08-08T13:58:39.535Z","ETH/USDT",0.00450209,"bittrex",222.119,"bleutrade",228.99389,3060.50851993,689764.26051881,2.892
"omg/btc-okex-coss","2019-08-08T13:58:39.536Z","OMG/BTC",8291.87396352,"okex",0.0001206,"coss",0.000125,2233319.4836,,3.4448
"omg/eth-hitbtc-coinexchange","2019-08-08T13:58:39.542Z","OMG/ETH",156.8406029,"hitbtc",0.0063759,"coinexchange",0.007,57644.77,366.038671653,9.5786
"dash/usdt-okex-coss","2019-08-08T13:59:08.134Z","DASH/USDT",0.00954198,"okex",104.8,"coss",164,16111.4,,56.2321
"omg/eth-okex-coinexchange","2019-08-08T13:59:08.136Z","OMG/ETH",156.98587127,"okex",0.00637,"coinexchange",0.007,12088.5572,,9.6802
"zec/btc-binance-cobinhood","2019-08-08T13:59:08.137Z","ZEC/BTC",189.21475875,"binance",0.005285,"cobinhood",0.0055,82932.433,444.92248414,3.864
"leo/btc-bitz-bitfinex","2019-08-08T13:59:17.977Z","LEO/BTC",371747.21189591,"bitz",0.00000269,"bitfinex",0.00010616,12882.1,0.03,3842.4219
"trx/usd-bitfinex-coss","2019-08-08T13:59:17.979Z","TRX/USD",45.57261997,"bitfinex",0.021943,"coss",0.023,2914371.80132501,,4.6122
"zec/btc-hitbtc-cobinhood","2019-08-08T13:59:17.980Z","ZEC/BTC",189.68133536,"hitbtc",0.005272,"cobinhood",0.0055,71611.768,379.102304989,4.1204
"etc/eth-okex-kraken","2019-08-08T13:59:58.902Z","ETC/ETH",37.21622627,"okex",0.02687,"kraken",0.02789,2035681.88271,,3.5923
"bch/usdt-coinexchange-bitfinex","2019-08-08T14:00:12.469Z","BCH/USDT",0.00323721,"coinexchange",308.90754047,"bitfinex",328.66,,0.35350057,6.1879
"dash/usdt-binance-coss","2019-08-08T14:00:12.471Z","DASH/USDT",0.00954381,"binance",104.78,"coss",164,2425.81709,259337.7885659,56.2619
"eth/usdt-coss-bleutrade","2019-08-08T14:00:12.472Z","ETH/USDT",0.00451011,"coss",221.724,"bleutrade",228.99389,5427.109992029189,1203320.53587268,3.0755
"bat/btc-binance-zb","2019-08-08T14:00:45.316Z","BAT/BTC",54704.595186,"binance",0.00001828,"zb",0.0000187379,11593848,215.13147964,2.3024
"etc/btc-bitfinex-kraken","2019-08-08T14:00:45.318Z","ETC/BTC",1955.0342131,"bitfinex",0.0005115,"kraken",0.000529,31773.17289315,,3.2179
"etc/usd-bitfinex-kraken","2019-08-08T14:00:45.318Z","ETC/USD",0.16660558,"bitfinex",6.0022,"kraken",6.223,157203.18862511,,3.475
"omg/btc-hitbtc-coss","2019-08-08T14:01:06.637Z","OMG/BTC",8266.51235844,"hitbtc",0.00012097,"coss",0.000125,346846.23,41.9174009991,3.1281
"qtum/eth-bittrex-coinexchange","2019-08-08T14:01:32.214Z","QTUM/ETH",77.98675629,"bittrex",0.01282269,"coinexchange",0.0133,276.88638699,3.59460844,3.5187
"bch/usdt-coinexchange-binance","2019-08-08T14:01:44.765Z","BCH/USDT",0.00323721,"coinexchange",308.90754047,"binance",328.79,,0.35350057,6.2299
"qtum/eth-okex-coinexchange","2019-08-08T14:02:24.396Z","QTUM/ETH",78.125,"okex",0.0128,"coinexchange",0.0133,31456.1621,,3.7023
"bch/usdt-coinexchange-gateio","2019-08-08T14:02:59.661Z","BCH/USDT",0.00323721,"coinexchange",308.90754047,"gateio",329,,0.35350057,6.2979
"etc/btc-okex-kraken","2019-08-08T14:02:59.665Z","ETC/BTC",1950.45835771,"okex",0.0005127,"kraken",0.000529,3637168.98321,,2.9761
"etc/btc-kucoin-kraken","2019-08-08T14:03:22.102Z","ETC/BTC",1951.60031226,"kucoin",0.0005124,"kraken",0.000529,4879.91516046,2.461247045098889,3.0364
"qtum/eth-binance-coinexchange","2019-08-08T14:05:07.886Z","QTUM/ETH",78.14331484,"binance",0.012797,"coinexchange",0.0133,9946.75,128.45230089,3.7267
"bch/usdt-coinexchange-okex","2019-08-08T14:05:57.047Z","BCH/USDT",0.00323721,"coinexchange",308.90754047,"okex",330.17,,0.35350057,6.6762
"etc/usd-exmo-kraken","2019-08-08T14:05:57.049Z","ETC/USD",0.16669723,"exmo",5.9989,"kraken",6.214,23266.65785907,139574.35383082,3.3821
"etc/btc-binance-kraken","2019-08-08T14:06:40.932Z","ETC/BTC",1956.94716243,"binance",0.000511,"kraken",0.000529,152288.35,77.0757428,3.319
"mkr/eth-okex-hitbtc","2019-08-08T14:08:19.103Z","MKR/ETH",0.41666667,"okex",2.4,"hitbtc",2.45498,91.89,,2.0885
"mkr/usdt-okex-hitbtc","2019-08-08T14:09:24.976Z","MKR/USDT",0.00192567,"okex",519.3,"hitbtc",547.338,1,,5.1938
"mkr/btc-okex-hitbtc","2019-08-08T14:09:42.106Z","MKR/BTC",22.22222222,"okex",0.045,"hitbtc",0.04654,769.591,,3.2188
"mkr/usdt-okex-hitbtc","2019-08-08T14:09:54.641Z","MKR/USDT",0.00191755,"okex",521.5,"hitbtc",547.339,56.8,,4.7498
"mkr/btc-okex-hitbtc","2019-08-08T14:09:54.640Z","MKR/BTC",22.22222222,"okex",0.045,"hitbtc",0.04655,779.214,,3.241
"bch/usdt-coinexchange-zb","2019-08-08T14:16:51.247Z","BCH/USDT",0.00323721,"coinexchange",308.90754047,"zb",329.29,,0.35350057,6.3916
"etc/btc-okex-kraken","2019-08-08T14:16:51.255Z","ETC/BTC",1962.70853778,"okex",0.0005095,"kraken",0.000529,3654657.70052,,3.6235
"etc/eth-binance-kraken","2019-08-08T14:16:51.256Z","ETC/ETH",37.31482518,"binance",0.026799,"kraken",0.027751,20103.68,536.03207161,3.3488
"etc/usd-bittrex-kraken","2019-08-08T14:16:51.257Z","ETC/USD",0.16744809,"bittrex",5.972,"kraken",6.187,5468.7199412,32468.8429376,3.3965
"eth/usd-cobinhood-bitfinex","2019-08-08T14:16:51.258Z","ETH/USD",0.00550025,"cobinhood",181.81,"bitfinex",223.12,0,,22.4988
"eth/usdt-exmo-bleutrade","2019-08-08T14:16:51.258Z","ETH/USDT",0.00449256,"exmo",222.59,"bleutrade",228.99389,581.19290988,128960.9528946,2.6741
"leo/btc-bitz-bitfinex","2019-08-08T14:16:51.259Z","LEO/BTC",371747.21189591,"bitz",0.00000269,"bitfinex",0.00010612,12882.1,0.03,3840.9364
"leo/eth-bitfinex-coss","2019-08-08T14:16:51.260Z","LEO/ETH",178.83009353,"bitfinex",0.0055919,"coss",0.00581,2531.4306026,,3.6964
"omg/btc-bitfinex-coss","2019-08-08T14:16:51.261Z","OMG/BTC",8260.36676028,"bitfinex",0.00012106,"coss",0.000125,88171.03327928,,3.0513
"omg/eth-bitfinex-coinexchange","2019-08-08T14:16:51.261Z","OMG/ETH",157.1141277,"bitfinex",0.0063648,"coinexchange",0.007,2836.88525753,,9.7699
"omg/usd-bitfinex-coss","2019-08-08T14:16:51.262Z","OMG/USD",0.70372977,"bitfinex",1.421,"coss",1.6,231585.13959669,,12.3842
"trx/usd-bittrex-coss","2019-08-08T14:16:51.264Z","TRX/USD",45.70383912,"bittrex",0.02188,"coss",0.023,4325823.60628969,94566.76460179,4.9137
"xlm/usd-kraken-coss","2019-08-08T14:16:51.265Z","XLM/USD",13.03509046,"kraken",0.076716,"coss",0.088,2426342.66132389,188935.51794273965,14.4941
"zec/btc-hitbtc-cobinhood","2019-08-08T14:16:51.266Z","ZEC/BTC",189.25056775,"hitbtc",0.005284,"cobinhood",0.0055,71526.513,378.759993807,3.8837
"qtum/eth-bittrex-coinexchange","2019-08-08T14:16:51.263Z","QTUM/ETH",78.88027867,"bittrex",0.01267744,"coinexchange",0.0133,276.88638699,3.59460844,4.7059
"dash/usdt-exmo-coss","2019-08-08T14:16:51.253Z","DASH/USDT",0.00953616,"exmo",104.86403596,"coss",164,195.98060748,20534.95976139,56.1366
"bch/usdt-coinexchange-okex","2019-08-08T14:17:01.133Z","BCH/USDT",0.00323721,"coinexchange",308.90754047,"okex",329.45,,0.35350057,6.4434
"etc/btc-binance-kraken","2019-08-08T14:17:01.134Z","ETC/BTC",1964.63654224,"binance",0.000509,"kraken",0.000529,152398.57,77.15001334,3.7253
"omg/btc-hitbtc-coss","2019-08-08T14:17:01.137Z","OMG/BTC",8259.68448005,"hitbtc",0.00012107,"coss",0.000125,349597.91,42.2490675466,3.0428
"omg/eth-binance-coinexchange","2019-08-08T14:17:01.137Z","OMG/ETH",157.0105197,"binance",0.006369,"coinexchange",0.007,112108.41,711.62769462,9.6975
"qtum/eth-binance-coinexchange","2019-08-08T14:17:01.138Z","QTUM/ETH",78.90791446,"binance",0.012673,"coinexchange",0.0133,10668.32,137.6070504,4.7426
"bat/btc-bittrex-zb","2019-08-08T14:17:30.295Z","BAT/BTC",54585.15283843,"bittrex",0.00001832,"zb",0.0000187379,2840228.97959359,52.03134438,2.0788
"bch/usdt-coinexchange-gateio","2019-08-08T14:17:30.296Z","BCH/USDT",0.00323721,"coinexchange",308.90754047,"gateio",329.5,,0.35350057,6.4596
"etc/btc-hitbtc-kraken","2019-08-08T14:17:30.297Z","ETC/BTC",1965.02259776,"hitbtc",0.0005089,"kraken",0.000529,1532839.49,769.410986704,3.7457
"omg/eth-okex-coinexchange","2019-08-08T14:17:30.299Z","OMG/ETH",156.98587127,"okex",0.00637,"coinexchange",0.007,12114.5689,,9.6802
"zec/btc-binance-cobinhood","2019-08-08T14:17:30.301Z","ZEC/BTC",189.28639031,"binance",0.005283,"cobinhood",0.0055,83807.874,449.58111494,3.9034
"zec/btc-bitfinex-cobinhood","2019-08-08T14:18:16.655Z","ZEC/BTC",189.34373462,"bitfinex",0.0052814,"cobinhood",0.0055,8468.44898294,,3.9349
"bch/usdt-coinexchange-bitz","2019-08-08T14:18:31.637Z","BCH/USDT",0.00323721,"coinexchange",308.90754047,"bitz",329.74,,0.35350057,6.5372
"bch/usdt-coinexchange-binance","2019-08-08T14:18:51.456Z","BCH/USDT",0.00323721,"coinexchange",308.90754047,"binance",330.03,,0.35350057,6.631
"bat/btc-hitbtc-zb","2019-08-08T14:19:19.995Z","BAT/BTC",54597.07359686,"hitbtc",0.000018316,"zb",0.0000187379,1421008.5,26.2518542953,2.1011
"leo/btc-bitz-okex","2019-08-08T14:19:19.996Z","LEO/BTC",371747.21189591,"bitz",0.00000269,"okex",0.00010593,12882.1,0.03,3833.8803
"omg/btc-hitbtc-zb","2019-08-08T14:19:19.997Z","OMG/BTC",8270.61450666,"hitbtc",0.00012091,"zb",0.00012677,349923.91,42.2883542454,4.6417
"vsys/btc-bitfinex-kucoin","2019-08-08T14:19:19.998Z","VSYS/BTC",51652.89256198,"bitfinex",0.00001936,"kucoin",0.00002011,355685.22117098,,3.6701
"xlm/usd-exmo-coss","2019-08-08T14:19:20.002Z","XLM/USD",13.02958929,"exmo",0.07674839,"coss",0.088,728806.92687262,56070.62244562,14.4457
"etc/eth-okex-kraken","2019-08-08T14:19:38.329Z","ETC/ETH",37.36920777,"okex",0.02676,"kraken",0.027751,2043946.64185,,3.4996
"xlm/usd-exmo-coss","2019-08-08T14:20:08.912Z","XLM/USD",13.02958929,"exmo",0.07674839,"coss",0.088,730466.32900604,56032.95448457,14.4457
"omg/btc-zb-coss","2019-08-08T14:20:08.910Z","OMG/BTC",8247.42268041,"zb",0.00012125,"coss",0.000125,589784.71,,2.8897
"bat/btc-bittrex-zb","2019-08-08T14:22:46.835Z","BAT/BTC",54585.15283843,"bittrex",0.00001832,"zb",0.0000187379,,,2.0788
"bat/btc-hitbtc-zb","2019-08-08T14:24:01.805Z","BAT/BTC",54546.44629902,"hitbtc",0.000018333,"zb",0.0000187379,,,2.0064
"bch/usdt-coinexchange-okex","2019-08-08T14:24:57.466Z","BCH/USDT",0.00323721,"coinexchange",308.90754047,"okex",330.01,,,6.6245
"cro/btc-kucoin-livecoin","2019-08-08T14:24:57.472Z","CRO/BTC",247524.75247525,"kucoin",0.00000404,"livecoin",0.0000045,,,11.1748
"dash/usdt-exmo-coss","2019-08-08T14:24:57.473Z","DASH/USDT",0.00953616,"exmo",104.86403596,"coss",164,,,56.1366
"etc/btc-binance-kraken","2019-08-08T14:24:57.475Z","ETC/BTC",1964.63654224,"binance",0.000509,"kraken",0.000529,,,3.7253
"etc/eth-okex-kraken","2019-08-08T14:24:57.476Z","ETC/ETH",37.41114852,"okex",0.02673,"kraken",0.027751,,,3.6159
"etc/usd-bittrex-kraken","2019-08-08T14:24:57.476Z","ETC/USD",0.16770082,"bittrex",5.963,"kraken",6.189,,,3.5862
"eth/usd-cobinhood-livecoin","2019-08-08T14:24:57.477Z","ETH/USD",0.00550025,"cobinhood",181.81,"livecoin",225.35001,,,23.7241
"eth/usdt-exmo-bleutrade","2019-08-08T14:24:57.478Z","ETH/USDT",0.00448935,"exmo",222.74950148,"bleutrade",228.99389,,,2.6005
"leo/btc-bitz-bitfinex","2019-08-08T14:24:57.478Z","LEO/BTC",371747.21189591,"bitz",0.00000269,"bitfinex",0.00010595,,,3834.623
"btg/usd-exmo-livecoin","2019-08-08T14:24:57.470Z","BTG/USD",0.0622665,"exmo",16.05999999,"livecoin",17,,,5.6472
"leo/eth-bitfinex-coss","2019-08-08T14:24:57.479Z","LEO/ETH",178.83009353,"bitfinex",0.0055919,"coss",0.00581,,,3.6964
"omg/eth-binance-coinexchange","2019-08-08T14:24:57.480Z","OMG/ETH",156.81354869,"binance",0.006377,"coinexchange",0.007,,,9.5597
"omg/usd-bitfinex-coss","2019-08-08T14:24:57.481Z","OMG/USD",0.70190215,"bitfinex",1.4247,"coss",1.6,,,12.092
"qtum/eth-binance-coinexchange","2019-08-08T14:24:57.482Z","QTUM/ETH",78.77737514,"binance",0.012694,"coinexchange",0.0133,,,4.5691
"trx/usd-bittrex-coss","2019-08-08T14:24:57.482Z","TRX/USD",45.62043796,"bittrex",0.02192,"coss",0.023,,,4.7221
"xlm/usd-kraken-coss","2019-08-08T14:24:57.485Z","XLM/USD",13.03356142,"kraken",0.076725,"coss",0.088,,,14.4806
"zec/btc-bitfinex-cobinhood","2019-08-08T14:24:57.486Z","ZEC/BTC",189.26847734,"bitfinex",0.0052835,"cobinhood",0.0055,,,3.8936
"omg/btc-hitbtc-coss","2019-08-08T14:24:57.480Z","OMG/BTC",8250.82508251,"hitbtc",0.0001212,"coss",0.000125,,,2.9322
"bch/usdt-coinexchange-zb","2019-08-08T14:27:49.305Z","BCH/USDT",0.00323721,"coinexchange",308.90754047,"zb",329.41,,,6.4304
"cro/btc-kucoin-livecoin","2019-08-08T14:27:49.311Z","CRO/BTC",247524.75247525,"kucoin",0.00000404,"livecoin",0.0000045,,,11.1748
"dash/usdt-zb-coss","2019-08-08T14:27:49.313Z","DASH/USDT",0.00954754,"zb",104.739,"coss",164,,,56.3231
"etc/btc-poloniex-kraken","2019-08-08T14:27:49.315Z","ETC/BTC",1965.02259776,"poloniex",0.0005089,"kraken",0.000529,,,3.7457
"btg/usd-exmo-livecoin","2019-08-08T14:27:49.309Z","BTG/USD",0.0622665,"exmo",16.05999999,"livecoin",17,,,5.6472
"etc/eth-okex-kraken","2019-08-08T14:27:49.315Z","ETC/ETH",37.41114852,"okex",0.02673,"kraken",0.027751,,,3.6159
"etc/usd-bittrex-kraken","2019-08-08T14:27:49.316Z","ETC/USD",0.16764459,"bittrex",5.965,"kraken",6.187,,,3.518
"eth/usdt-exmo-bleutrade","2019-08-08T14:27:49.318Z","ETH/USDT",0.00449256,"exmo",222.59,"bleutrade",228.99389,,,2.6741
"leo/btc-bitz-bitfinex","2019-08-08T14:27:49.319Z","LEO/BTC",374531.83520599,"bitz",0.00000267,"bitfinex",0.00010616,,,3871.9539
"leo/eth-bitfinex-coss","2019-08-08T14:27:49.320Z","LEO/ETH",178.83009353,"bitfinex",0.0055919,"coss",0.00581,,,3.6964
"omg/btc-kucoin-coss","2019-08-08T14:27:49.322Z","OMG/BTC",8241.30542278,"kucoin",0.00012134,"coss",0.000125,,,2.8133
"omg/eth-okex-coinexchange","2019-08-08T14:27:49.323Z","OMG/ETH",156.49452269,"okex",0.00639,"coinexchange",0.007,,,9.3366
"eth/usd-cobinhood-livecoin","2019-08-08T14:27:49.317Z","ETH/USD",0.00550025,"cobinhood",181.81,"livecoin",225.35,,,23.7241
"omg/usd-bitfinex-coss","2019-08-08T14:27:49.324Z","OMG/USD",0.7009182,"bitfinex",1.4267,"coss",1.6,,,11.9348
"qtum/eth-binance-coinexchange","2019-08-08T14:27:49.325Z","QTUM/ETH",78.85813422,"binance",0.012681,"coinexchange",0.0133,,,4.6764
"xlm/usd-kraken-coss","2019-08-08T14:27:49.327Z","XLM/USD",13.04699528,"kraken",0.076646,"coss",0.088,,,14.5987
"trx/usd-bittrex-coss","2019-08-08T14:27:49.326Z","TRX/USD",45.70383912,"bittrex",0.02188,"coss",0.023,,,4.9137
"zec/btc-hitbtc-cobinhood","2019-08-08T14:27:49.329Z","ZEC/BTC",189.28639031,"hitbtc",0.005283,"cobinhood",0.0055,,,3.9034
"zec/btc-binance-cobinhood","2019-08-08T14:28:03.474Z","ZEC/BTC",189.32222643,"binance",0.005282,"cobinhood",0.0055,,,3.9231
"etc/btc-bittrex-kraken","2019-08-08T14:28:34.449Z","ETC/BTC",1965.71788017,"bittrex",0.00050872,"kraken",0.000529,,,3.7825
"etc/usd-bitfinex-kraken","2019-08-08T14:28:34.450Z","ETC/USD",0.1676193,"bitfinex",5.9659,"kraken",6.187,,,3.5024
"omg/eth-binance-coinexchange","2019-08-08T14:28:55.471Z","OMG/ETH",156.51901706,"binance",0.006389,"coinexchange",0.007,,,9.3537
"dash/usdt-gateio-coss","2019-08-08T14:29:11.802Z","DASH/USDT",0.00953834,"gateio",104.84,"coss",164,,,56.1724
"zec/btc-bitfinex-cobinhood","2019-08-08T14:29:11.804Z","ZEC/BTC",189.1682273,"bitfinex",0.0052863,"cobinhood",0.0055,,,3.8385
"eth/usdt-hitbtc-bleutrade","2019-08-08T14:29:30.588Z","ETH/USDT",0.00449333,"hitbtc",222.552,"bleutrade",228.99389,,,2.6917
"omg/btc-hitbtc-coss","2019-08-08T14:29:30.589Z","OMG/BTC",8242.66402901,"hitbtc",0.00012132,"coss",0.000125,,,2.8303
"eth/usdt-bittrex-bleutrade","2019-08-08T14:30:12.290Z","ETH/USDT",0.00449271,"bittrex",222.583,"bleutrade",228.99389,,,2.6773
"qtum/eth-bittrex-coinexchange","2019-08-08T14:30:12.293Z","QTUM/ETH",78.93955756,"bittrex",0.01266792,"coinexchange",0.0133,,,4.7846
"dash/usdt-okex-coss","2019-08-08T14:30:25.608Z","DASH/USDT",0.00954198,"okex",104.8,"coss",164,,,56.2321
"etc/btc-hitbtc-kraken","2019-08-08T14:30:25.608Z","ETC/BTC",1962.32339089,"hitbtc",0.0005096,"kraken",0.000529,,,3.6031
"zec/btc-bittrex-cobinhood","2019-08-08T14:30:25.610Z","ZEC/BTC",189.06415136,"bittrex",0.00528921,"cobinhood",0.0055,,,3.7813
"dash/usdt-exmo-coss","2019-08-08T14:30:45.902Z","DASH/USDT",0.00953616,"exmo",104.86403596,"coss",164,,,56.1366
"omg/btc-okex-coss","2019-08-08T14:30:45.904Z","OMG/BTC",8237.23228995,"okex",0.0001214,"coss",0.000125,,,2.7624
"omg/eth-bitfinex-coinexchange","2019-08-08T14:30:45.905Z","OMG/ETH",156.50921839,"bitfinex",0.0063894,"coinexchange",0.007,,,9.3469
"omg/btc-bitfinex-coss","2019-08-08T14:30:58.172Z","OMG/BTC",8234.51910408,"bitfinex",0.00012144,"coss",0.000125,,,2.7286
"btg/usd-bitfinex-livecoin","2019-08-08T14:31:37.073Z","BTG/USD",0.06229365,"bitfinex",16.053,"livecoin",17,,,5.6933
"eth/usdt-okex-bleutrade","2019-08-08T14:31:55.988Z","ETH/USDT",0.00449297,"okex",222.57,"bleutrade",228.99389,,,2.6833
"omg/btc-zb-coss","2019-08-08T14:31:55.990Z","OMG/BTC",8263.7798529,"zb",0.00012101,"coss",0.000125,,,3.094
"etc/btc-kucoin-kraken","2019-08-08T14:32:17.844Z","ETC/BTC",1965.40880503,"kucoin",0.0005088,"kraken",0.000529,,,3.7662
"eth/usdt-bitfinex-bleutrade","2019-08-08T14:33:29.976Z","ETH/USDT",0.00449458,"bitfinex",222.49,"bleutrade",228.99389,,,2.7203
"bch/usdt-coinexchange-okex","2019-08-08T14:33:43.712Z","BCH/USDT",0.00323721,"coinexchange",308.90754047,"okex",329.45,,,6.4434
"omg/btc-hitbtc-zb","2019-08-08T14:34:02.974Z","OMG/BTC",8250.82508251,"hitbtc",0.0001212,"zb",0.00012677,,,4.3911
"bch/usdt-coinexchange-bitz","2019-08-08T14:34:19.581Z","BCH/USDT",0.00323721,"coinexchange",308.90754047,"bitz",329.42,,,6.4337
"egt/eth-okex-kucoin","2019-08-08T14:34:19.582Z","EGT/ETH",4699.02730135,"okex",0.00021281,"kucoin",0.00021754,,,2.0204
"etc/usd-exmo-kraken","2019-08-08T14:34:40.755Z","ETC/USD",0.16778523,"exmo",5.96,"kraken",6.182,,,3.5211
"bat/btc-hitbtc-zb","2019-08-08T14:35:36.239Z","BAT/BTC",54614.96450027,"hitbtc",0.00001831,"zb",0.0000187379,,,2.1346
"etc/eth-binance-kraken","2019-08-08T14:35:36.240Z","ETC/ETH",37.21068691,"binance",0.026874,"kraken",0.027751,,,3.0601
"bch/usdt-coinexchange-binance","2019-08-08T14:36:18.449Z","BCH/USDT",0.00323721,"coinexchange",308.90754047,"binance",329.81,,,6.5598
"bat/btc-binance-zb","2019-08-08T14:37:07.053Z","BAT/BTC",54644.80874317,"binance",0.0000183,"zb",0.0000187379,,,2.1905
"trx/usd-bitfinex-coss","2019-08-08T14:37:07.056Z","TRX/USD",45.71637561,"bitfinex",0.021874,"coss",0.023,,,4.9425
"leo/btc-bitz-okex","2019-08-08T14:37:58.243Z","LEO/BTC",374531.83520599,"bitz",0.00000267,"okex",0.00010612,,,3870.4573
"bat/btc-hitbtc-zb","2019-08-08T14:38:18.629Z","BAT/BTC",54659.74309921,"hitbtc",0.000018295,"zb",0.0000187379,,,2.2185
"etc/eth-binance-kraken","2019-08-08T14:38:18.630Z","ETC/ETH",37.16919417,"binance",0.026904,"kraken",0.027751,,,2.9451
"bat/btc-bittrex-zb","2019-08-08T14:38:24.928Z","BAT/BTC",54585.15283843,"bittrex",0.00001832,"zb",0.0000187379,,,2.0788
"bat/btc-binance-zb","2019-08-08T14:38:34.145Z","BAT/BTC",54674.68562056,"binance",0.00001829,"zb",0.0000187379,,,2.2464
"omg/btc-bitfinex-zb","2019-08-08T14:40:06.913Z","OMG/BTC",8246.7425367,"bitfinex",0.00012126,"zb",0.00012677,,,4.3394
"qtum/eth-gateio-coinexchange","2019-08-08T14:40:06.915Z","QTUM/ETH",78.86435331,"gateio",0.01268,"coinexchange",0.0133,,,4.6847
"egt/btc-okex-kucoin","2019-08-08T14:40:39.970Z","EGT/BTC",247279.92087043,"okex",0.000004044,"kucoin",0.0000041982,,,3.6092
"egt/eth-okex-kucoin","2019-08-08T14:40:39.971Z","EGT/ETH",4712.53534402,"okex",0.0002122,"kucoin",0.0002177,,,2.3893
"cro/usdt-okex-hitbtc","2019-08-08T14:41:09.826Z","CRO/USDT",21.00840336,"okex",0.0476,"hitbtc",0.049382,,,3.54
"zec/btc-exmo-cobinhood","2019-08-08T14:41:09.829Z","ZEC/BTC",188.71698868,"exmo",0.00529894,"cobinhood",0.0055,,,3.5905
"eth/usdt-kucoin-bleutrade","2019-08-08T14:41:09.827Z","ETH/USDT",0.00448994,"kucoin",222.72,"bleutrade",228.99389,,,2.6141
"bch/usdt-coinexchange-gateio","2019-08-08T14:41:42.966Z","BCH/USDT",0.00323721,"coinexchange",308.90754047,"gateio",329.51,,,6.4628
"zec/btc-exmo-cobinhood","2019-08-08T14:41:42.969Z","ZEC/BTC",188.71698868,"exmo",0.00529894,"cobinhood",0.0055,,,3.5905
"bch/usdt-coinexchange-gateio","2019-08-08T14:42:00.967Z","BCH/USDT",0.00323721,"coinexchange",308.90754047,"gateio",329.4,,,6.4272
"eth/usdt-binance-bleutrade","2019-08-08T14:43:32.173Z","ETH/USDT",0.00449438,"binance",222.5,"bleutrade",228.99389,,,2.7157
"bat/btc-poloniex-zb","2019-08-08T14:43:47.601Z","BAT/BTC",54644.80874317,"poloniex",0.0000183,"zb",0.0000187379,,,2.1905
"eth/usdt-poloniex-bleutrade","2019-08-08T14:44:01.896Z","ETH/USDT",0.00449438,"poloniex",222.49999998,"bleutrade",228.99389,,,2.7157
"trx/usd-bitfinex-coss","2019-08-08T14:44:01.898Z","TRX/USD",45.69757346,"bitfinex",0.021883,"coss",0.023,,,4.8993
"zec/btc-gateio-cobinhood","2019-08-08T14:45:19.001Z","ZEC/BTC",188.67924528,"gateio",0.0053,"cobinhood",0.0055,,,3.5698
"egt/eth-okex-kucoin","2019-08-08T14:45:38.910Z","EGT/ETH",4653.76023827,"okex",0.00021488,"kucoin",0.00022718,,,5.5184
"eth/usdt-gateio-bleutrade","2019-08-08T14:46:51.080Z","ETH/USDT",0.00449014,"gateio",222.71,"bleutrade",228.99389,,,2.6187
"etc/btc-bitfinex-kraken","2019-08-08T14:48:02.724Z","ETC/BTC",1958.17341584,"bitfinex",0.00051068,"kraken",0.000528,,,3.1882
"etc/btc-bitfinex-kraken","2019-08-08T14:48:21.528Z","ETC/BTC",1958.36515677,"bitfinex",0.00051063,"kraken",0.000528,,,3.1983
"zec/btc-gateio-cobinhood","2019-08-08T14:48:21.530Z","ZEC/BTC",188.67924528,"gateio",0.0053,"cobinhood",0.0055,,,3.5698
"trx/usd-exmo-coss","2019-08-08T14:48:21.529Z","TRX/USD",45.66239236,"exmo",0.02189986,"coss",0.023,,,4.8185
"bat/btc-poloniex-zb","2019-08-08T14:48:39.444Z","BAT/BTC",54674.68562056,"poloniex",0.00001829,"zb",0.0000187379,,,2.2464
"bch/usdt-coinexchange-gateio","2019-08-08T14:48:39.445Z","BCH/USDT",0.00323721,"coinexchange",308.90754047,"gateio",329.48,,,6.4531
"omg/btc-poloniex-zb","2019-08-08T14:50:27.080Z","OMG/BTC",8233.16318129,"poloniex",0.00012146,"zb",0.00012677,,,4.1674
"etc/btc-okex-kraken","2019-08-08T14:50:46.603Z","ETC/BTC",1955.41650372,"okex",0.0005114,"kraken",0.000528,,,3.0427
"omg/btc-poloniex-coss","2019-08-08T14:54:07.961Z","OMG/BTC",8234.51910408,"poloniex",0.00012144,"coss",0.000125,,,2.7286
"bch/usdt-coinexchange-binance","2019-08-08T14:54:25.033Z","BCH/USDT",0.00323721,"coinexchange",308.90754047,"binance",329.98,,,6.6148
"omg/btc-okex-zb","2019-08-08T14:54:45.231Z","OMG/BTC",8244.02308326,"okex",0.0001213,"zb",0.00012677,,,4.305
"etc/btc-binance-kraken","2019-08-08T14:55:19.196Z","ETC/BTC",1956.94716243,"binance",0.000511,"kraken",0.000528,,,3.1235
"etc/btc-exmo-kraken","2019-08-08T14:55:53.158Z","ETC/BTC",1960.78431373,"exmo",0.00051,"kraken",0.000527,,,3.13
"bch/usdt-coinexchange-bitfinex","2019-08-08T14:57:06.794Z","BCH/USDT",0.00323721,"coinexchange",308.90754047,"bitfinex",329.59,,,6.4887
"bch/usdt-coinexchange-hitbtc","2019-08-08T14:57:40.523Z","BCH/USDT",0.00323721,"coinexchange",308.90754047,"hitbtc",329.488,,,6.4557
"cro/btc-bittrex-livecoin","2019-08-08T14:58:57.356Z","CRO/BTC",243902.43902439,"bittrex",0.0000041,"livecoin",0.0000045,,,9.5463
"bat/btc-gateio-zb","2019-08-08T15:00:24.817Z","BAT/BTC",54644.80874317,"gateio",0.0000183,"zb",0.0000187379,,,2.1905
"cro/btc-hitbtc-livecoin","2019-08-08T15:00:57.299Z","CRO/BTC",244081.03490359,"hitbtc",0.000004097,"livecoin",0.0000045,,,9.6266
"zec/btc-exmo-cobinhood","2019-08-08T15:05:09.464Z","ZEC/BTC",188.18995141,"exmo",0.00531378,"cobinhood",0.0055,,,3.301
"omg/btc-bittrex-coss","2019-08-08T15:10:32.607Z","OMG/BTC",8270.61450666,"bittrex",0.00012091,"coss",0.000125,,,3.1793
"qtum/eth-bitfinex-coinexchange","2019-08-08T15:12:39.413Z","QTUM/ETH",78.65345289,"bitfinex",0.012714,"coinexchange",0.0133,,,4.4045
"btc/eur-kraken-livecoin","2019-08-08T15:14:01.049Z","BTC/EUR",0.00009565,"kraken",10454.9,"livecoin",10956.02855,,,4.2813
"etc/btc-bitfinex-kraken","2019-08-08T15:14:01.054Z","ETC/BTC",1959.05573514,"bitfinex",0.00051045,"kraken",0.000528,,,2.9295
"etc/eth-binance-kraken","2019-08-08T15:14:01.056Z","ETC/ETH",37.20238095,"binance",0.02688,"kraken",0.027751,,,2.7322
"etc/usd-bittrex-kraken","2019-08-08T15:14:01.061Z","ETC/USD",0.16702856,"bittrex",5.987,"kraken",6.18,,,2.7156
"leo/btc-bitz-okex","2019-08-08T15:14:01.062Z","LEO/BTC",375939.84962406,"bitz",0.00000266,"okex",0.00010617,,,3881.125
"btc/eur-kraken-livecoin","2019-08-08T15:17:41.097Z","BTC/EUR",0.00009546,"kraken",10475.2,"livecoin",10956.02855,,,4.0787
"etc/eth-binance-kraken","2019-08-08T15:17:41.104Z","ETC/ETH",37.13330858,"binance",0.02693,"kraken",0.027751,,,2.541
"etc/usd-bittrex-kraken","2019-08-08T15:17:41.105Z","ETC/USD",0.16647245,"bittrex",6.007,"kraken",6.184,,,2.4392
"leo/btc-bitz-okex","2019-08-08T15:17:41.107Z","LEO/BTC",375939.84962406,"bitz",0.00000266,"okex",0.00010617,,,3881.125
"etc/btc-poloniex-kraken","2019-08-08T15:17:41.102Z","ETC/BTC",1956.9854596,"poloniex",0.00051099,"kraken",0.000528,,,2.8205
"etc/btc-kucoin-kraken","2019-08-08T15:18:19.671Z","ETC/BTC",1957.33020161,"kucoin",0.0005109,"kraken",0.000528,,,2.8387
"etc/btc-binance-kraken","2019-08-08T15:18:36.308Z","ETC/BTC",1956.94716243,"binance",0.000511,"kraken",0.000528,,,2.8185
"etc/btc-bitfinex-kraken","2019-08-08T15:18:53.301Z","ETC/BTC",1959.05573514,"bitfinex",0.00051045,"kraken",0.000528,,,2.9295
"etc/usd-bitfinex-kraken","2019-08-08T15:19:11.087Z","ETC/USD",0.16614884,"bitfinex",6.0187,"kraken",6.184,,,2.2396
"etc/btc-hitbtc-kraken","2019-08-08T15:19:29.597Z","ETC/BTC",1957.33020161,"hitbtc",0.0005109,"kraken",0.000528,,,2.8387
"bnb/btc-hitbtc-yobit","2019-08-08T15:23:24.857Z","BNB/BTC",380.14141261,"hitbtc",0.0026306,"yobit",0.00268454,,,1.5454
"eos/usd-yobit-kraken","2019-08-08T15:23:24.863Z","EOS/USD",0.25199024,"yobit",3.96840764,"kraken",4.1446,,,3.9288
"etc/btc-yobit-kraken","2019-08-08T15:23:24.864Z","ETC/BTC",1960.82276123,"yobit",0.00050999,"kraken",0.000528,,,3.0226
"etc/eth-binance-kraken","2019-08-08T15:23:24.865Z","ETC/ETH",37.11952487,"binance",0.02694,"kraken",0.02775,,,2.4992
"etc/usd-yobit-kraken","2019-08-08T15:23:24.865Z","ETC/USD",0.16591117,"yobit",6.02732166,"kraken",6.184,,,2.093
"eos/eth-yobit-binance","2019-08-08T15:23:24.862Z","EOS/ETH",58.9091209,"yobit",0.0169753,"binance",0.018625,,,9.1939
"ltc/usd-kraken-yobit","2019-08-08T15:23:24.866Z","LTC/USD",0.01124101,"kraken",88.96,"yobit",90.50000006,,,1.2268
"eos/btc-yobit-binance","2019-08-08T15:23:24.861Z","EOS/BTC",3012.86493327,"yobit",0.00033191,"binance",0.0003535,,,5.9885
"bnb/btc-binance-yobit","2019-08-08T15:24:24.553Z","BNB/BTC",380.58991437,"binance",0.0026275,"yobit",0.00268454,,,1.6655
"eos/btc-yobit-hitbtc","2019-08-08T15:25:00.618Z","EOS/BTC",3014.40887442,"yobit",0.00033174,"hitbtc",0.00035349,,,6.0399
"eos/eth-yobit-hitbtc","2019-08-08T15:28:25.004Z","EOS/ETH",58.9091209,"yobit",0.0169753,"hitbtc",0.0185902,,,8.9895
"atom/btc-binance-kraken","2019-08-08T15:39:44.541Z","ATOM/BTC",3557.45286375,"binance",0.0002811,"kraken",0.0002856,,,1.0969
"atom/btc-poloniex-kraken","2019-08-08T15:40:21.314Z","ATOM/BTC",3562.0146755,"poloniex",0.00028074,"kraken",0.0002856,,,1.2268
"atom/btc-binance-kraken","2019-08-08T15:44:19.801Z","ATOM/BTC",3553.66027008,"binance",0.0002814,"kraken",0.0002857,,,1.0243
"atom/btc-binance-kraken","2019-08-08T15:44:43.469Z","ATOM/BTC",3553.66027008,"binance",0.0002814,"kraken",0.0002857,,,1.0243
"bnb/btc-binance-yobit","2019-08-08T15:49:41.617Z","BNB/BTC",382.51157098,"binance",0.0026143,"yobit",0.00268454,,,2.18
"eos/eth-yobit-binance","2019-08-08T15:49:41.627Z","EOS/ETH",58.9091209,"yobit",0.0169753,"binance",0.01865,,,9.3408
"eos/usd-yobit-kraken","2019-08-08T15:49:41.627Z","EOS/USD",0.25316456,"yobit",3.95,"kraken",4.1351,,,4.1744
"etc/btc-yobit-kraken","2019-08-08T15:49:41.628Z","ETC/BTC",1960.82276123,"yobit",0.00050999,"kraken",0.000528,,,3.0226
"etc/usd-yobit-kraken","2019-08-08T15:49:41.630Z","ETC/USD",0.16584284,"yobit",6.02980492,"kraken",6.183,,,2.0343
"ltc/usd-kraken-yobit","2019-08-08T15:49:41.635Z","LTC/USD",0.01129178,"kraken",88.56,"yobit",90.35999414,,,1.5274
"etc/eth-binance-kraken","2019-08-08T15:49:41.629Z","ETC/ETH",37.06723997,"binance",0.026978,"kraken",0.027753,,,2.3655
"eos/btc-yobit-binance","2019-08-08T15:49:41.625Z","EOS/BTC",3030.48669616,"yobit",0.00032998,"binance",0.0003537,,,6.6703
"bnb/btc-binance-yobit","2019-08-08T15:50:09.204Z","BNB/BTC",382.57010597,"binance",0.0026139,"yobit",0.00268454,,,2.1957
"eos/eth-yobit-binance","2019-08-08T15:50:09.213Z","EOS/ETH",58.9091209,"yobit",0.0169753,"binance",0.01865,,,9.3408
"eos/usd-yobit-kraken","2019-08-08T15:50:09.214Z","EOS/USD",0.25316456,"yobit",3.95,"kraken",4.1351,,,4.1744
"etc/eth-binance-kraken","2019-08-08T15:50:09.215Z","ETC/ETH",37.06723997,"binance",0.026978,"kraken",0.027753,,,2.3655
"ltc/usd-kraken-yobit","2019-08-08T15:50:09.219Z","LTC/USD",0.01129305,"kraken",88.55,"yobit",90.35999414,,,1.5389
"eos/btc-yobit-binance","2019-08-08T15:50:09.211Z","EOS/BTC",3030.94595823,"yobit",0.00032993,"binance",0.0003537,,,6.6865
"etc/usd-yobit-kraken","2019-08-08T15:50:09.217Z","ETC/USD",0.16584284,"yobit",6.02980492,"kraken",6.18,,,1.9847
"etc/btc-yobit-kraken","2019-08-08T15:50:09.214Z","ETC/BTC",1960.82276123,"yobit",0.00050999,"kraken",0.000528,,,3.0226
"eos/eth-yobit-binance","2019-08-08T15:50:34.512Z","EOS/ETH",58.9091209,"yobit",0.0169753,"binance",0.018648,,,9.3291
"eos/usd-yobit-kraken","2019-08-08T15:50:34.513Z","EOS/USD",0.25316456,"yobit",3.95,"kraken",4.135,,,4.1718
"etc/btc-yobit-kraken","2019-08-08T15:50:34.513Z","ETC/BTC",1960.82276123,"yobit",0.00050999,"kraken",0.000528,,,3.0226
"etc/eth-binance-kraken","2019-08-08T15:50:34.514Z","ETC/ETH",37.06723997,"binance",0.026978,"kraken",0.027753,,,2.3655
"etc/usd-yobit-kraken","2019-08-08T15:50:34.515Z","ETC/USD",0.16584285,"yobit",6.02980482,"kraken",6.18,,,1.9847
"ltc/usd-kraken-yobit","2019-08-08T15:50:34.517Z","LTC/USD",0.01129305,"kraken",88.55,"yobit",90.35999414,,,1.5389
"eos/btc-yobit-binance","2019-08-08T15:50:34.509Z","EOS/BTC",3031.40535952,"yobit",0.00032988,"binance",0.0003536,,,6.6725
"bnb/btc-binance-yobit","2019-08-08T15:50:34.502Z","BNB/BTC",382.70187524,"binance",0.002613,"yobit",0.00268454,,,2.231
"bnb/btc-binance-yobit","2019-08-08T15:52:25.817Z","BNB/BTC",381.98556095,"binance",0.0026179,"yobit",0.00268454,,,2.0392
"eos/usd-yobit-kraken","2019-08-08T15:52:25.859Z","EOS/USD",0.25316456,"yobit",3.95,"kraken",4.1209,,,3.8158
"etc/btc-yobit-kraken","2019-08-08T15:52:25.866Z","ETC/BTC",1960.78431373,"yobit",0.00051,"kraken",0.000528,,,3.0206
"etc/eth-binance-kraken","2019-08-08T15:52:25.871Z","ETC/ETH",36.98361626,"binance",0.027039,"kraken",0.027753,,,2.134
"etc/usd-yobit-kraken","2019-08-08T15:52:25.874Z","ETC/USD",0.16584285,"yobit",6.02980482,"kraken",6.179,,,1.9681
"ltc/usd-kraken-yobit","2019-08-08T15:52:25.894Z","LTC/USD",0.0113071,"kraken",88.44,"yobit",90.35999414,,,1.6655
"eos/eth-yobit-binance","2019-08-08T15:52:25.852Z","EOS/ETH",58.9091209,"yobit",0.0169753,"binance",0.01862,,,9.1646
"eos/btc-yobit-hitbtc","2019-08-08T15:52:25.847Z","EOS/BTC",3031.49725649,"yobit",0.00032987,"hitbtc",0.00035291,,,6.4671
"eos/btc-yobit-binance","2019-08-08T15:52:38.092Z","EOS/BTC",3031.58915904,"yobit",0.00032986,"binance",0.000353,,,6.4976
"bnb/btc-hitbtc-yobit","2019-08-08T15:55:08.955Z","BNB/BTC",381.70852737,"hitbtc",0.0026198,"yobit",0.00268454,,,1.965
"eos/eth-yobit-binance","2019-08-08T15:55:08.960Z","EOS/ETH",58.9091209,"yobit",0.0169753,"binance",0.018644,,,9.3056
"eos/usd-yobit-kraken","2019-08-08T15:55:08.960Z","EOS/USD",0.25316456,"yobit",3.95,"kraken",4.1297,,,4.038
"eos/btc-yobit-binance","2019-08-08T15:55:08.959Z","EOS/BTC",3031.68106715,"yobit",0.00032985,"binance",0.0003529,,,6.4706
"etc/btc-yobit-kraken","2019-08-08T15:55:08.961Z","ETC/BTC",1960.78431373,"yobit",0.00051,"kraken",0.000526,,,2.6294
"etc/eth-binance-kraken","2019-08-08T15:55:08.962Z","ETC/ETH",37.000037,"binance",0.027027,"kraken",0.027753,,,2.1795
"ltc/usd-kraken-yobit","2019-08-08T15:55:08.965Z","LTC/USD",0.01128796,"kraken",88.59,"yobit",90.35999414,,,1.493
"etc/usd-yobit-kraken","2019-08-08T15:55:08.964Z","ETC/USD",0.16584285,"yobit",6.02980482,"kraken",6.181,,,2.0012
"eos/btc-yobit-hitbtc","2019-08-08T15:55:44.108Z","EOS/BTC",3032.04875534,"yobit",0.00032981,"hitbtc",0.00035276,,,6.4412
"eos/btc-yobit-binance","2019-08-08T16:02:53.010Z","EOS/BTC",2951.59386068,"yobit",0.0003388,"binance",0.0003518,,,3.3275
"eos/usd-yobit-kraken","2019-08-08T16:02:53.537Z","EOS/USD",0.25316456,"yobit",3.95,"kraken",4.0941,,,3.139
"bnb/btc-hitbtc-yobit","2019-08-08T16:02:53.643Z","BNB/BTC",381.70852737,"hitbtc",0.0026198,"yobit",0.00268454,,,1.965
"ltc/usd-kraken-yobit","2019-08-08T16:02:53.723Z","LTC/USD",0.01135589,"kraken",88.06,"yobit",90.35999414,,,2.1053
"etc/usd-yobit-kraken","2019-08-08T16:02:53.873Z","ETC/USD",0.16584285,"yobit",6.02980482,"kraken",6.172,,,1.8523
"eos/eth-yobit-kraken","2019-08-08T16:02:54.011Z","EOS/ETH",58.9091209,"yobit",0.0169753,"kraken",0.018688,,,9.5641
"etc/eth-poloniex-kraken","2019-08-08T16:02:54.013Z","ETC/ETH",36.92308147,"poloniex",0.02708333,"kraken",0.02811,,,3.2813
"atom/eth-hitbtc-kraken","2019-08-08T16:02:54.552Z","ATOM/ETH",67.08617891,"hitbtc",0.0149062,"kraken",0.015132,,,1.011
"atom/btc-poloniex-kraken","2019-08-08T16:02:54.600Z","ATOM/BTC",3662.19878415,"poloniex",0.00027306,"kraken",0.0002858,,,4.154
"etc/btc-poloniex-kraken","2019-08-08T16:02:55.742Z","ETC/BTC",1960.82276123,"poloniex",0.00050999,"kraken",0.000527,,,2.827
"eos/btc-yobit-hitbtc","2019-08-08T16:03:05.652Z","EOS/BTC",2951.68098232,"yobit",0.00033879,"hitbtc",0.00035163,,,3.2805
"etc/btc-yobit-kraken","2019-08-08T16:03:06.563Z","ETC/BTC",1960.78431373,"yobit",0.00051,"kraken",0.000527,,,2.825
"atom/btc-binance-kraken","2019-08-08T16:03:06.956Z","ATOM/BTC",3660.32210835,"binance",0.0002732,"kraken",0.0002858,,,4.1005
"eth/usd-kraken-yobit","2019-08-08T16:03:07.004Z","ETH/USD",0.00456204,"kraken",219.2,"yobit",222.68068624,,,1.0839
"bnb/btc-binance-yobit","2019-08-08T16:03:41.537Z","BNB/BTC",381.73766987,"binance",0.0026196,"yobit",0.00268454,,,1.9728
"eos/eth-yobit-binance","2019-08-08T16:04:16.784Z","EOS/ETH",58.9091209,"yobit",0.0169753,"binance",0.018711,,,9.6993
"bnb/btc-binance-yobit","2019-08-08T16:04:28.547Z","BNB/BTC",382.04393505,"binance",0.0026175,"yobit",0.00268454,,,2.0548
"etc/eth-poloniex-kraken","2019-08-08T16:07:43.090Z","ETC/ETH",36.92308147,"poloniex",0.02708333,"kraken",0.028191,,,3.5796
"eos/eth-yobit-binance","2019-08-08T16:07:54.372Z","EOS/ETH",58.9091209,"yobit",0.0169753,"binance",0.018749,,,9.9226
"atom/eth-hitbtc-kraken","2019-08-08T16:07:54.662Z","ATOM/ETH",67.98789815,"hitbtc",0.0147085,"kraken",0.015248,,,3.1588
"atom/btc-poloniex-kraken","2019-08-08T16:07:55.061Z","ATOM/BTC",3652.56775513,"poloniex",0.00027378,"kraken",0.0002831,,,2.8957
"etc/usd-yobit-kraken","2019-08-08T16:07:55.062Z","ETC/USD",0.16629561,"yobit",6.01338786,"kraken",6.173,,,2.1476
"etc/btc-yobit-kraken","2019-08-08T16:07:55.062Z","ETC/BTC",1960.82276123,"yobit",0.00050999,"kraken",0.000526,,,2.6314
"atom/btc-binance-kraken","2019-08-08T16:08:18.291Z","ATOM/BTC",3652.3009496,"binance",0.0002738,"kraken",0.0002831,,,2.8881
"eos/btc-yobit-hitbtc","2019-08-08T16:08:40.979Z","EOS/BTC",2948.89563858,"yobit",0.00033911,"hitbtc",0.00035255,,,3.4534
"bnb/btc-binance-yobit","2019-08-08T16:08:41.595Z","BNB/BTC",381.73766987,"binance",0.0026196,"yobit",0.00268454,,,1.9728
"etc/btc-binance-kraken","2019-08-08T16:10:42.047Z","ETC/BTC",1960.78431373,"binance",0.00051,"kraken",0.000526,,,2.6294
"etc/btc-hitbtc-kraken","2019-08-08T16:11:42.054Z","ETC/BTC",1961.93839513,"hitbtc",0.0005097,"kraken",0.000526,,,2.69
"eos/btc-yobit-poloniex","2019-08-08T16:12:05.441Z","EOS/BTC",2952.0295203,"yobit",0.00033875,"poloniex",0.00035305,,,3.7108
"atom/btc-poloniex-kraken","2019-08-08T16:14:18.301Z","ATOM/BTC",3676.47058824,"poloniex",0.000272,"kraken",0.0002903,,,6.2111
"etc/btc-hitbtc-kraken","2019-08-08T16:14:18.427Z","ETC/BTC",1960.78431373,"hitbtc",0.00051,"kraken",0.000526,,,2.6294
"atom/eth-hitbtc-kraken","2019-08-08T16:14:30.135Z","ATOM/ETH",67.07852883,"hitbtc",0.0149079,"kraken",0.015261,,,1.8626
"etc/usd-yobit-kraken","2019-08-08T16:14:30.587Z","ETC/USD",0.16584285,"yobit",6.02980471,"kraken",6.169,,,1.8027
"etc/btc-yobit-kraken","2019-08-08T16:15:12.482Z","ETC/BTC",1960.78431373,"yobit",0.00051,"kraken",0.000526,,,2.6294
"etc/btc-binance-kraken","2019-08-08T16:16:29.837Z","ETC/BTC",1960.78431373,"binance",0.00051,"kraken",0.000526,,,2.6294
"atom/btc-binance-kraken","2019-08-08T16:16:42.218Z","ATOM/BTC",3683.2412523,"binance",0.0002715,"kraken",0.0002859,,,4.7906
"eos/btc-yobit-hitbtc","2019-08-08T16:17:41.146Z","EOS/BTC",2956.65543138,"yobit",0.00033822,"hitbtc",0.00035228,,,3.6467
"etc/usd-yobit-kraken","2019-08-08T16:18:17.659Z","ETC/USD",0.16584285,"yobit",6.02980471,"kraken",6.172,,,1.8523
"eos/btc-yobit-hitbtc","2019-08-08T16:18:28.887Z","EOS/BTC",2957.18003312,"yobit",0.00033816,"hitbtc",0.00035205,,,3.5973
"atom/eth-hitbtc-kraken","2019-08-08T16:18:29.306Z","ATOM/ETH",67.07852883,"hitbtc",0.0149079,"kraken",0.015267,,,1.9028
"atom/btc-binance-kraken","2019-08-08T16:18:42.715Z","ATOM/BTC",3687.31563422,"binance",0.0002712,"kraken",0.0002823,,,3.5827
"atom/eth-hitbtc-kraken","2019-08-08T16:18:53.426Z","ATOM/ETH",67.07852883,"hitbtc",0.0149079,"kraken",0.015274,,,1.9496
"eos/eth-yobit-poloniex","2019-08-08T16:19:07.752Z","EOS/ETH",58.9091209,"yobit",0.0169753,"poloniex",0.01875669,,,9.9678
"bnb/btc-binance-yobit","2019-08-08T16:21:17.901Z","BNB/BTC",381.06851612,"binance",0.0026242,"yobit",0.00268454,,,1.7936
"etc/btc-binance-kraken","2019-08-08T16:23:09.848Z","ETC/BTC",1960.78431373,"binance",0.00051,"kraken",0.000524,,,2.2382
"bnb/btc-binance-yobit","2019-08-08T16:23:43.498Z","BNB/BTC",381.44644492,"binance",0.0026216,"yobit",0.00268454,,,1.8948
"eos/btc-yobit-hitbtc","2019-08-08T16:23:43.822Z","EOS/BTC",2962.52407051,"yobit",0.00033755,"hitbtc",0.00035225,,,3.844
"eos/eth-yobit-poloniex","2019-08-08T16:23:44.172Z","EOS/ETH",58.9091209,"yobit",0.0169753,"poloniex",0.01876421,,,10.012
"atom/btc-binance-kraken","2019-08-08T16:23:44.257Z","ATOM/BTC",3695.49150037,"binance",0.0002706,"kraken",0.0002857,,,5.0662
"eos/usd-yobit-kraken","2019-08-08T16:23:44.478Z","EOS/USD",0.25316456,"yobit",3.95,"kraken",4.138,,,4.2476
"etc/eth-poloniex-kraken","2019-08-08T16:23:44.622Z","ETC/ETH",36.92308147,"poloniex",0.02708333,"kraken",0.027885,,,2.4526
"etc/usd-yobit-kraken","2019-08-08T16:23:44.811Z","ETC/USD",0.16584285,"yobit",6.02980471,"kraken",6.168,,,1.7861
"etc/btc-hitbtc-kraken","2019-08-08T16:23:45.097Z","ETC/BTC",1963.47928529,"hitbtc",0.0005093,"kraken",0.000524,,,2.3791
"atom/eth-hitbtc-kraken","2019-08-08T16:23:54.941Z","ATOM/ETH",67.07897879,"hitbtc",0.0149078,"kraken",0.015429,,,2.9874
"eos/btc-yobit-binance","2019-08-08T16:23:55.046Z","EOS/BTC",2962.96296296,"yobit",0.0003375,"binance",0.0003524,,,3.9038
"atom/btc-hitbtc-kraken","2019-08-08T16:23:58.042Z","ATOM/BTC",3685.00571176,"hitbtc",0.00027137,"kraken",0.0002858,,,4.8042
"etc/btc-poloniex-kraken","2019-08-08T16:24:08.725Z","ETC/BTC",1962.74706079,"poloniex",0.00050949,"kraken",0.000524,,,2.3408
"atom/btc-poloniex-kraken","2019-08-08T16:24:09.190Z","ATOM/BTC",3683.64828526,"poloniex",0.00027147,"kraken",0.0002827,,,3.6264
"eos/btc-yobit-binance","2019-08-08T16:24:19.578Z","EOS/BTC",2963.31417057,"yobit",0.00033746,"binance",0.0003524,,,3.9161
"etc/btc-poloniex-kraken","2019-08-08T16:24:32.121Z","ETC/BTC",1962.74706079,"poloniex",0.00050949,"kraken",0.000524,,,2.3408
"atom/btc-hitbtc-kraken","2019-08-08T16:26:09.005Z","ATOM/BTC",3689.22009887,"hitbtc",0.00027106,"kraken",0.0002813,,,3.2683
"bnb/btc-binance-yobit","2019-08-08T16:28:19.083Z","BNB/BTC",382.55547054,"binance",0.002614,"yobit",0.00268454,,,2.1918
"eos/btc-yobit-hitbtc","2019-08-08T16:28:19.709Z","EOS/BTC",2967.27100086,"yobit",0.00033701,"hitbtc",0.00035232,,,4.0315
"atom/btc-binance-kraken","2019-08-08T16:28:19.757Z","ATOM/BTC",3687.31563422,"binance",0.0002712,"kraken",0.0002845,,,4.3919
"eos/eth-yobit-poloniex","2019-08-08T16:28:20.188Z","EOS/ETH",58.9091209,"yobit",0.0169753,"poloniex",0.01877925,,,10.1003
"etc/usd-yobit-kraken","2019-08-08T16:28:20.299Z","ETC/USD",0.16587576,"yobit",6.02860847,"kraken",6.165,,,1.7567
"etc/btc-hitbtc-kraken","2019-08-08T16:28:20.312Z","ETC/BTC",1961.93839513,"hitbtc",0.0005097,"kraken",0.000524,,,2.2986
"etc/eth-poloniex-kraken","2019-08-08T16:28:20.335Z","ETC/ETH",36.92308147,"poloniex",0.02708333,"kraken",0.027881,,,2.4379
"eos/usd-yobit-kraken","2019-08-08T16:28:20.351Z","EOS/USD",0.25316456,"yobit",3.95,"kraken",4.1348,,,4.1668
"atom/eth-hitbtc-kraken","2019-08-08T16:28:21.120Z","ATOM/ETH",67.85273243,"hitbtc",0.0147378,"kraken",0.015006,,,1.3153
"eos/btc-yobit-binance","2019-08-08T16:29:08.154Z","EOS/BTC",2968.06363528,"yobit",0.00033692,"binance",0.0003521,,,3.9943
"eos/eth-yobit-binance","2019-08-08T16:29:31.831Z","EOS/ETH",58.9091209,"yobit",0.0169753,"binance",0.01876,,,9.9872
"etc/btc-poloniex-kraken","2019-08-08T16:30:57.380Z","ETC/BTC",1962.70853778,"poloniex",0.0005095,"kraken",0.000524,,,2.3388
"atom/btc-poloniex-kraken","2019-08-08T16:34:10.696Z","ATOM/BTC",3703.97807245,"poloniex",0.00026998,"kraken",0.0002818,,,3.8672
"eos/btc-yobit-binance","2019-08-08T16:35:30.870Z","EOS/BTC",2968.06363528,"yobit",0.00033692,"binance",0.0003527,,,4.1719
"etc/btc-poloniex-kraken","2019-08-08T16:36:44.460Z","ETC/BTC",1962.70853778,"poloniex",0.0005095,"kraken",0.000524,,,2.3388
"atom/btc-poloniex-kraken","2019-08-08T16:38:56.427Z","ATOM/BTC",3723.28542706,"poloniex",0.00026858,"kraken",0.0002822,,,4.5584
"eos/eth-yobit-binance","2019-08-08T16:39:30.936Z","EOS/ETH",58.9091209,"yobit",0.0169753,"binance",0.018749,,,9.9226
"atom/eth-hitbtc-kraken","2019-08-08T16:42:20.464Z","ATOM/ETH",67.47501737,"hitbtc",0.0148203,"kraken",0.015048,,,1.0326
"atom/btc-hitbtc-kraken","2019-08-08T16:42:20.524Z","ATOM/BTC",3700.55138216,"hitbtc",0.00027023,"kraken",0.0002818,,,3.7708
"bnb/btc-hitbtc-yobit","2019-08-08T16:42:43.711Z","BNB/BTC",383.12708325,"hitbtc",0.0026101,"yobit",0.00268454,,,2.3449
"atom/btc-hitbtc-kraken","2019-08-08T16:42:44.983Z","ATOM/BTC",3700.55138216,"hitbtc",0.00027023,"kraken",0.000282,,,3.8447
"etc/btc-yobit-kraken","2019-08-08T16:43:10.722Z","ETC/BTC",1960.78431373,"yobit",0.00051,"kraken",0.000525,,,2.4338
"bnb/btc-hitbtc-yobit","2019-08-08T16:43:42.687Z","BNB/BTC",382.78977186,"hitbtc",0.0026124,"yobit",0.00268454,,,2.2545
"atom/eth-hitbtc-kraken","2019-08-08T16:44:18.903Z","ATOM/ETH",67.41860888,"hitbtc",0.0148327,"kraken",0.015064,,,1.0555
"etc/btc-yobit-kraken","2019-08-08T16:48:31.641Z","ETC/BTC",1960.78431373,"yobit",0.00051,"kraken",0.000527,,,2.825
"eos/usd-yobit-kraken","2019-08-08T16:48:31.760Z","EOS/USD",0.25316456,"yobit",3.95,"kraken",4.1332,,,4.1264
"etc/usd-yobit-kraken","2019-08-08T16:48:31.957Z","ETC/USD",0.16722408,"yobit",5.98,"kraken",6.18,,,2.8361
"etc/eth-poloniex-kraken","2019-08-08T16:48:32.205Z","ETC/ETH",36.92308147,"poloniex",0.02708333,"kraken",0.0279,,,2.5079
"bnb/btc-hitbtc-yobit","2019-08-08T16:48:42.769Z","BNB/BTC",382.55547054,"hitbtc",0.002614,"yobit",0.00268454,,,2.1918
"eos/eth-yobit-binance","2019-08-08T16:48:42.774Z","EOS/ETH",58.9091209,"yobit",0.0169753,"binance",0.018746,,,9.905
"eos/btc-yobit-binance","2019-08-08T16:49:09.359Z","EOS/BTC",2948.72172913,"yobit",0.00033913,"binance",0.0003535,,,3.7267
"etc/eth-binance-kraken","2019-08-08T16:49:09.822Z","ETC/ETH",36.83783983,"binance",0.027146,"kraken",0.0279,,,2.2706
"atom/eth-hitbtc-kraken","2019-08-08T16:49:19.666Z","ATOM/ETH",68.57158531,"hitbtc",0.0145833,"kraken",0.014821,,,1.1259
"ltc/usd-kraken-yobit","2019-08-08T16:54:56.475Z","LTC/USD",0.0112246,"kraken",89.09,"yobit",90.5,,,1.0787
"etc/btc-hitbtc-kraken","2019-08-08T17:20:31.703Z","ETC/BTC",1951.2195122,"hitbtc",0.0005125,"kraken",0.000527,,,2.3222
"etc/btc-poloniex-kraken","2019-08-08T17:23:33.298Z","ETC/BTC",1947.49552076,"poloniex",0.00051348,"kraken",0.000527,,,2.1264
"btc/usd-kraken-yobit","2019-08-08T17:25:57.569Z","BTC/USD",0.00008623,"kraken",11597.3,"yobit",11780.40000001,,,1.0749
"ltc/usd-kraken-yobit","2019-08-08T17:26:08.074Z","LTC/USD",0.01124859,"kraken",88.9,"yobit",90.5,,,1.2953
"eth/usd-kraken-yobit","2019-08-08T17:26:08.951Z","ETH/USD",0.00457687,"kraken",218.49,"yobit",221.84159663,,,1.0301
"ltc/usd-kraken-yobit","2019-08-08T17:26:56.602Z","LTC/USD",0.01121328,"kraken",89.18,"yobit",91,,,1.5357
"etc/eth-yobit-kraken","2019-08-08T17:26:57.065Z","ETC/ETH",36.68210372,"yobit",0.02726125,"kraken",0.028017,,,2.2653
"btc/usd-kraken-yobit","2019-08-08T17:27:08.501Z","BTC/USD",0.00008639,"kraken",11575.9,"yobit",11750,,,1.0002
"eth/usd-kraken-yobit","2019-08-08T17:27:08.602Z","ETH/USD",0.00457854,"kraken",218.41,"yobit",221.84159664,,,1.0672
"eth/usd-kraken-yobit","2019-08-08T17:27:44.937Z","ETH/USD",0.00458737,"kraken",217.99,"yobit",221.39879902,,,1.0598
"eos/btc-yobit-kraken","2019-08-08T17:27:45.892Z","EOS/BTC",3055.67438734,"yobit",0.00032726,"kraken",0.0003552,,,8.0162
"etc/btc-binance-kraken","2019-08-08T17:28:08.479Z","ETC/BTC",1923.07692308,"binance",0.00052,"kraken",0.000532,,,1.8019
"etc/btc-binance-kraken","2019-08-08T17:28:33.686Z","ETC/BTC",1926.7822736,"binance",0.000519,"kraken",0.000532,,,1.9986
"eos/btc-yobit-kraken","2019-08-08T17:28:34.198Z","EOS/BTC",3056.42154166,"yobit",0.00032718,"kraken",0.0003548,,,7.9207
"etc/btc-poloniex-kraken","2019-08-08T17:29:32.969Z","ETC/BTC",1935.43392429,"poloniex",0.00051668,"kraken",0.000532,,,2.4577
"eos/eth-yobit-binance","2019-08-08T17:29:43.527Z","EOS/ETH",56.4287911,"yobit",0.01772145,"binance",0.018749,,,5.2838
"eos/btc-yobit-binance","2019-08-08T17:29:43.554Z","EOS/BTC",3057.44947565,"yobit",0.00032707,"binance",0.0003539,,,7.6826
"etc/eth-yobit-kraken","2019-08-08T17:29:43.920Z","ETC/ETH",36.68210372,"yobit",0.02726125,"kraken",0.028045,,,2.3678
"ltc/usd-kraken-yobit","2019-08-08T17:29:44.832Z","LTC/USD",0.01122334,"kraken",89.1,"yobit",91,,,1.6271
"bnb/btc-hitbtc-yobit","2019-08-08T17:29:55.606Z","BNB/BTC",378.88834161,"hitbtc",0.0026393,"yobit",0.00268454,,,1.2098
"etc/btc-binance-kraken","2019-08-08T17:29:56.276Z","ETC/BTC",1930.5019305,"binance",0.000518,"kraken",0.000532,,,2.1959
"etc/usd-yobit-kraken","2019-08-08T17:30:21.184Z","ETC/USD",0.16479943,"yobit",6.06798227,"kraken",6.173,,,1.2264
"etc/btc-hitbtc-kraken","2019-08-08T17:31:56.165Z","ETC/BTC",1925.66917004,"hitbtc",0.0005193,"kraken",0.000532,,,1.9395
"etc/usd-yobit-kraken","2019-08-08T17:32:09.556Z","ETC/USD",0.16499787,"yobit",6.06068416,"kraken",6.171,,,1.3156
