created_at,base,exchange,ticket1,ticket2,ticket3,profit
2019-08-20T17:17:59.906Z,BTC,zb,BTC/USDT,XEM/USDT,XEM/BTC,0.0705
2019-08-20T18:40:12.112Z,BTC,gateio,BTC/USDT,USDC/USDT,BTC/USDC,106.4184
2019-08-20T20:15:20.132Z,BTC,coinex,BTC/USDT,USDC/USDT,BTC/USDC,107.063
2019-08-20T20:15:20.136Z,BTC,coinex,BCH/BTC,BCH/USDC,BTC/USDC,102.5909
2019-08-20T20:16:01.806Z,ETH,coinex,ETH/BCH,BCH/USDT,ETH/USDT,0.0876
2019-08-20T20:16:01.807Z,ETH,coinex,EOS/ETH,EOS/USDT,ETH/USDT,0.1463
2019-08-20T20:16:45.911Z,ETH,coinex,EOS/ETH,EOS/USDT,ETH/USDT,0.0704
2019-08-20T20:16:55.471Z,ETH,coinex,EOS/ETH,EOS/USDT,ETH/USDT,0.0685
2019-08-20T20:18:18.232Z,ETH,coinex,EOS/ETH,EOS/USDT,ETH/USDT,0.0557
2019-08-20T20:18:50.721Z,BTC,kucoin,XTZ/BTC,XTZ/USDT,BTC/USDT,0.0794
2019-08-20T20:26:06.245Z,ETH,coinex,EOS/ETH,EOS/USDT,ETH/USDT,0.0652
2019-08-20T20:26:33.235Z,ETH,coinex,EOS/ETH,EOS/USDT,ETH/USDT,0.0993
2019-08-20T20:27:04.569Z,ETH,coinex,EOS/ETH,EOS/BCH,ETH/BCH,0.0814
2019-08-20T20:27:36.065Z,ETH,coinex,EOS/ETH,EOS/BCH,ETH/BCH,0.0979
2019-08-20T20:27:48.558Z,ETH,coinex,EOS/ETH,EOS/BCH,ETH/BCH,0.1032
2019-08-20T20:28:07.094Z,ETH,coinex,EOS/ETH,EOS/USDT,ETH/USDT,0.0669
2019-08-20T20:28:07.095Z,ETH,coinex,EOS/ETH,EOS/BCH,ETH/BCH,0.0883
2019-08-20T20:28:18.876Z,ETH,coinex,EOS/ETH,EOS/BCH,ETH/BCH,0.0646
2019-08-20T20:28:20.671Z,BTC,zb,XEM/BTC,XEM/USDT,BTC/USDT,0.0819
2019-08-20T20:28:33.771Z,ETH,coinex,EOS/ETH,EOS/BCH,ETH/BCH,0.0646
2019-08-20T20:28:33.880Z,BTC,zb,XEM/BTC,XEM/USDT,BTC/USDT,0.0954
2019-08-20T20:28:51.753Z,BTC,zb,XEM/BTC,XEM/USDT,BTC/USDT,0.0955
2019-08-20T20:28:51.903Z,ETH,coinex,EOS/ETH,EOS/BCH,ETH/BCH,0.0646
2019-08-20T20:29:06.584Z,ETH,coinex,EOS/ETH,EOS/USDT,ETH/USDT,0.0767
2019-08-20T20:29:06.586Z,ETH,coinex,EOS/ETH,EOS/BCH,ETH/BCH,0.0646
2019-08-20T20:30:37.088Z,BTC,zb,XEM/BTC,XEM/USDT,BTC/USDT,0.0947
2019-08-20T20:30:38.940Z,ETH,coinex,EOS/ETH,EOS/USDT,ETH/USDT,0.114
2019-08-20T20:30:49.936Z,ETH,coinex,EOS/ETH,EOS/USDT,ETH/USDT,0.1026
2019-08-20T20:30:49.937Z,ETH,coinex,EOS/ETH,EOS/BCH,ETH/BCH,0.0542
2019-08-20T20:30:50.077Z,BTC,zb,XEM/BTC,XEM/USDT,BTC/USDT,0.0947
2019-08-20T20:31:05.105Z,BTC,zb,XEM/BTC,XEM/USDT,BTC/USDT,0.1247
2019-08-20T20:31:07.083Z,ETH,coinex,EOS/ETH,EOS/USDT,ETH/USDT,0.0926
2019-08-20T20:31:07.085Z,ETH,coinex,EOS/ETH,EOS/BCH,ETH/BCH,0.1057
2019-08-20T20:31:19.474Z,ETH,coinex,EOS/ETH,EOS/BCH,ETH/BCH,0.0888
2019-08-20T20:31:19.472Z,ETH,coinex,EOS/ETH,EOS/USDT,ETH/USDT,0.1087
2019-08-20T20:31:21.768Z,BTC,zb,XEM/BTC,XEM/USDT,BTC/USDT,0.1618
2019-08-20T20:31:34.452Z,ETH,coinex,EOS/ETH,EOS/USDT,ETH/USDT,0.119
2019-08-20T20:31:34.453Z,ETH,coinex,EOS/ETH,EOS/BCH,ETH/BCH,0.0964
2019-08-20T20:31:34.983Z,BTC,zb,XEM/BTC,XEM/USDT,BTC/USDT,0.1618
2019-08-20T20:31:51.292Z,BTC,zb,XEM/BTC,XEM/USDT,BTC/USDT,0.1618
2019-08-20T20:31:51.456Z,ETH,coinex,EOS/ETH,EOS/USDT,ETH/USDT,0.1651
2019-08-20T20:31:51.457Z,ETH,coinex,EOS/ETH,EOS/BCH,ETH/BCH,0.0964
2019-08-20T20:32:07.121Z,BTC,zb,XEM/BTC,XEM/USDT,BTC/USDT,0.1671
2019-08-20T20:32:07.316Z,ETH,coinex,EOS/ETH,EOS/USDT,ETH/USDT,0.1577
2019-08-20T20:32:07.317Z,ETH,coinex,EOS/ETH,EOS/BCH,ETH/BCH,0.0964
2019-08-20T20:32:21.956Z,BTC,zb,XEM/BTC,XEM/USDT,BTC/USDT,0.0987
2019-08-20T20:32:31.143Z,ETH,coinex,EOS/ETH,EOS/USDT,ETH/USDT,0.0894
2019-08-20T20:32:32.691Z,BTC,zb,XEM/BTC,XEM/USDT,BTC/USDT,0.0987
2019-08-20T20:32:51.455Z,BTC,zb,XEM/BTC,XEM/USDT,BTC/USDT,0.0777
2019-08-20T20:32:51.604Z,ETH,coinex,EOS/ETH,EOS/USDT,ETH/USDT,0.1079
2019-08-20T20:33:00.150Z,ETH,coinex,EOS/ETH,EOS/USDT,ETH/USDT,0.0567
2019-08-20T20:33:07.461Z,BTC,zb,XEM/BTC,XEM/USDT,BTC/USDT,0.0777
2019-08-20T20:33:19.951Z,ETH,coinex,EOS/ETH,EOS/USDT,ETH/USDT,0.1232
2019-08-20T20:33:21.730Z,BTC,zb,XEM/BTC,XEM/USDT,BTC/USDT,0.0777
2019-08-20T20:33:36.602Z,BTC,zb,XEM/BTC,XEM/USDT,BTC/USDT,0.0777
2019-08-20T20:33:36.734Z,ETH,coinex,EOS/ETH,EOS/USDT,ETH/USDT,0.1291
2019-08-20T20:33:51.912Z,BTC,zb,XEM/BTC,XEM/USDT,BTC/USDT,0.0777
2019-08-20T20:33:52.038Z,ETH,coinex,EOS/ETH,EOS/USDT,ETH/USDT,0.0954
2019-08-20T20:34:06.018Z,BTC,zb,XEM/BTC,XEM/USDT,BTC/USDT,0.1158
2019-08-20T20:34:21.876Z,ETH,coinex,EOS/ETH,EOS/USDT,ETH/USDT,0.0703
2019-08-20T20:34:22.061Z,BTC,zb,XEM/BTC,XEM/USDT,BTC/USDT,0.1158
2019-08-20T20:34:36.863Z,BTC,zb,XEM/BTC,XEM/USDT,BTC/USDT,0.1158
2019-08-20T20:34:52.872Z,BTC,zb,XEM/BTC,XEM/USDT,BTC/USDT,0.1054
2019-08-20T20:34:53.080Z,ETH,coinex,EOS/ETH,EOS/USDT,ETH/USDT,0.0817
2019-08-20T20:35:07.909Z,BTC,zb,XEM/BTC,XEM/USDT,BTC/USDT,0.0862
2019-08-20T20:35:08.034Z,ETH,coinex,EOS/ETH,EOS/USDT,ETH/USDT,0.0817
2019-08-20T20:35:22.149Z,BTC,zb,XEM/BTC,XEM/USDT,BTC/USDT,0.1085
2019-08-20T20:35:35.470Z,ETH,coinex,EOS/ETH,EOS/USDT,ETH/USDT,0.0817
2019-08-20T20:35:37.756Z,BTC,zb,XEM/BTC,XEM/USDT,BTC/USDT,0.1129
2019-08-20T20:35:52.233Z,ETH,coinex,EOS/ETH,EOS/USDT,ETH/USDT,0.1431
2019-08-20T20:35:52.759Z,BTC,zb,XEM/BTC,XEM/USDT,BTC/USDT,0.1129
2019-08-20T20:36:06.595Z,BTC,zb,XEM/BTC,XEM/USDT,BTC/USDT,0.1129
2019-08-20T20:36:08.669Z,ETH,coinex,EOS/ETH,EOS/USDT,ETH/USDT,0.1596
2019-08-20T20:36:17.174Z,ETH,coinex,EOS/ETH,EOS/USDT,ETH/USDT,0.1442
2019-08-20T20:36:22.685Z,BTC,zb,XEM/BTC,XEM/USDT,BTC/USDT,0.1129
2019-08-20T20:36:37.823Z,BTC,zb,XEM/BTC,XEM/USDT,BTC/USDT,0.074
2019-08-20T20:36:38.003Z,ETH,coinex,EOS/ETH,EOS/USDT,ETH/USDT,0.096
2019-08-20T20:36:54.067Z,ETH,coinex,EOS/ETH,EOS/USDT,ETH/USDT,0.1046
2019-08-20T20:37:09.065Z,ETH,coinex,EOS/ETH,EOS/USDT,ETH/USDT,0.1114
2019-08-20T20:37:20.911Z,ETH,coinex,EOS/ETH,EOS/USDT,ETH/USDT,0.0807
2019-08-20T20:37:38.173Z,ETH,coinex,EOS/ETH,EOS/USDT,ETH/USDT,0.0936
2019-08-20T20:37:50.990Z,ETH,coinex,EOS/ETH,EOS/USDT,ETH/USDT,0.1267
2019-08-20T21:07:16.971Z,BTC,zb,XEM/BTC,XEM/USDT,BTC/USDT,0.0571
2019-08-20T21:07:32.486Z,BTC,zb,XEM/BTC,XEM/USDT,BTC/USDT,0.0571
2019-08-20T21:07:47.220Z,BTC,zb,XEM/BTC,XEM/USDT,BTC/USDT,0.0571
2019-08-20T21:08:15.584Z,BTC,zb,XEM/BTC,XEM/USDT,BTC/USDT,0.0571
2019-08-20T21:08:32.798Z,BTC,zb,XEM/BTC,XEM/USDT,BTC/USDT,0.0571
2019-08-20T21:08:42.019Z,BTC,zb,XEM/BTC,XEM/USDT,BTC/USDT,0.0571
2019-08-20T21:09:03.594Z,BTC,zb,XEM/BTC,XEM/USDT,BTC/USDT,0.0571
2019-08-20T21:09:15.650Z,BTC,zb,XEM/BTC,XEM/USDT,BTC/USDT,0.0571
2019-08-20T21:09:47.992Z,BTC,zb,XEM/BTC,XEM/USDT,BTC/USDT,0.0571
2019-08-20T21:10:02.258Z,BTC,zb,XEM/BTC,XEM/USDT,BTC/USDT,0.0571
2019-08-20T21:10:31.639Z,BTC,zb,XEM/BTC,XEM/USDT,BTC/USDT,0.0571
2019-08-20T21:10:47.378Z,BTC,zb,XEM/BTC,XEM/USDT,BTC/USDT,0.0571
2019-08-20T21:10:57.440Z,BTC,zb,XEM/BTC,XEM/USDT,BTC/USDT,0.0571
2019-08-20T21:11:35.093Z,BTC,zb,BTC/USDT,DOGE/USDT,DOGE/BTC,0.1906
2019-08-20T21:11:49.457Z,BTC,zb,BTC/USDT,DOGE/USDT,DOGE/BTC,0.1906
2019-08-20T21:36:58.249Z,BTC,coinex,BTC/USDT,DOGE/USDT,DOGE/BTC,0.5294
2019-08-20T21:36:58.252Z,BTC,coinex,BTC/USDT,USDC/USDT,BTC/USDC,108.7394
2019-08-20T21:36:58.255Z,BTC,coinex,BCH/BTC,BCH/USDC,BTC/USDC,101.7615
2019-08-20T21:56:31.483Z,ETH,coinex,ETH/BCH,VET/BCH,VET/ETH,0.0707
2019-08-20T21:56:46.920Z,BTC,zb,BTC/USDT,DOGE/USDT,DOGE/BTC,0.0983
2019-08-20T21:57:02.348Z,ETH,coinex,ETH/BCH,VET/BCH,VET/ETH,0.0707
2019-08-20T21:57:13.856Z,ETH,coinex,ETH/BCH,VET/BCH,VET/ETH,0.0707
2019-08-20T21:57:31.181Z,ETH,coinex,ETH/BCH,VET/BCH,VET/ETH,0.0707
2019-08-20T21:57:47.393Z,ETH,coinex,ETH/BCH,VET/BCH,VET/ETH,0.0707
2019-08-20T21:58:01.879Z,ETH,coinex,ETH/BCH,VET/BCH,VET/ETH,0.114
2019-08-20T21:58:14.059Z,ETH,coinex,ETH/BCH,VET/BCH,VET/ETH,0.114
2019-08-20T21:58:31.086Z,ETH,coinex,ETH/BCH,VET/BCH,VET/ETH,0.1574
2019-08-20T21:58:48.884Z,ETH,coinex,ETH/BCH,VET/BCH,VET/ETH,0.1574
2019-08-20T21:59:02.673Z,ETH,coinex,ETH/BCH,VET/BCH,VET/ETH,0.1574
2019-08-20T21:59:14.419Z,ETH,coinex,ETH/BCH,VET/BCH,VET/ETH,0.1574
2019-08-20T21:59:31.621Z,ETH,coinex,ETH/BCH,VET/BCH,VET/ETH,0.1574
2019-08-20T21:59:47.386Z,ETH,coinex,ETH/BCH,VET/BCH,VET/ETH,0.1574
2019-08-20T22:00:01.538Z,ETH,coinex,ETH/BCH,VET/BCH,VET/ETH,0.1574
2019-08-20T22:01:04.574Z,BTC,coinex,BTC/USDT,DOGE/USDT,DOGE/BTC,0.7092
2019-08-20T22:01:04.575Z,BTC,coinex,BTC/USDT,USDC/USDT,BTC/USDC,108.8763
2019-08-20T22:01:04.578Z,BTC,coinex,BCH/BTC,BCH/USDC,BTC/USDC,101.6239
2019-08-20T22:35:57.767Z,BTC,zb,BTC/USDT,TRX/USDT,TRX/BTC,0.085
2019-08-20T23:10:26.446Z,BTC,gateio,BTC/USDT,DOGE/USDT,DOGE/BTC,0.4706
2019-08-20T23:10:26.448Z,BTC,gateio,BTC/USDT,USDC/USDT,BTC/USDC,107.9929
2019-08-20T23:14:41.508Z,BTC,coinex,BTC/USDT,DOGE/USDT,DOGE/BTC,0.6656
2019-08-20T23:14:41.509Z,BTC,coinex,BTC/USDT,USDC/USDT,BTC/USDC,108.5427
2019-08-20T23:14:41.512Z,BTC,coinex,BCH/BTC,BCH/USDC,BTC/USDC,101.7615
2019-08-20T23:24:41.485Z,BTC,zb,BTC/USDT,DOGE/USDT,DOGE/BTC,0.4422
2019-08-20T23:31:08.121Z,BTC,hitbtc,BTC/USDT,ATOM/USDT,ATOM/BTC,0.1078
2019-08-21T00:14:52.610Z,ETH,coinex,ETH/USDT,BCH/USDT,ETH/BCH,0.0737
2019-08-21T00:15:23.825Z,ETH,coinex,ETH/USDT,BCH/USDT,ETH/BCH,0.0585
2019-08-21T00:15:30.617Z,ETH,coinex,ETH/USDT,BCH/USDT,ETH/BCH,0.0712
2019-08-21T00:20:56.485Z,BTC,coinex,BTC/USDT,DOGE/USDT,DOGE/BTC,0.2138
2019-08-21T00:20:56.489Z,BTC,coinex,BCH/BTC,BCH/USDC,BTC/USDC,102.5909
2019-08-21T00:20:56.486Z,BTC,coinex,BTC/USDT,USDC/USDT,BTC/USDC,108.2872
2019-08-21T00:37:12.924Z,BTC,coinex,BCH/BTC,ETC/BCH,ETC/BTC,0.1825
2019-08-21T00:42:16.637Z,BTC,coinex,BTC/USDT,USDC/USDT,BTC/USDC,106.5814
2019-08-21T00:42:16.640Z,BTC,coinex,BCH/BTC,BCH/USDC,BTC/USDC,101.9682
2019-08-21T00:45:02.192Z,BTC,coinex,BTC/USDT,USDC/USDT,BTC/USDC,107.072
2019-08-21T00:45:02.204Z,BTC,coinex,BCH/BTC,BCH/USDC,BTC/USDC,101.8303
2019-08-21T00:46:02.600Z,BTC,coinex,BTC/USDT,USDC/USDT,BTC/USDC,107.0836
2019-08-21T00:46:02.604Z,BTC,coinex,BCH/BTC,BCH/USDC,BTC/USDC,101.6927
2019-08-21T00:49:16.148Z,BTC,kucoin,XTZ/BTC,XTZ/USDT,BTC/USDT,0.0561
2019-08-21T00:49:16.149Z,BTC,kucoin,ADA/BTC,ADA/USDT,BTC/USDT,0.0654
2019-08-21T00:49:33.109Z,BTC,kucoin,XTZ/BTC,XTZ/USDT,BTC/USDT,0.0551
2019-08-21T00:49:33.110Z,BTC,kucoin,ADA/BTC,ADA/USDT,BTC/USDT,0.0645
2019-08-21T00:50:45.904Z,BTC,zb,XLM/BTC,XLM/USDT,BTC/USDT,0.0706
2019-08-21T00:50:47.740Z,BTC,kucoin,XTZ/BTC,XTZ/USDT,BTC/USDT,0.1419
2019-08-21T00:51:18.270Z,BTC,kucoin,XTZ/BTC,XTZ/USDT,BTC/USDT,0.0744
2019-08-21T01:05:24.075Z,BTC,kucoin,ADA/BTC,ADA/USDT,BTC/USDT,0.2303
2019-08-21T01:05:39.196Z,BTC,kucoin,ADA/BTC,ADA/USDT,BTC/USDT,0.1288
2019-08-21T01:33:43.602Z,BTC,coinex,BTC/USDT,USDC/USDT,BTC/USDC,106.7459
2019-08-21T01:33:43.605Z,BTC,coinex,BCH/BTC,BCH/USDC,BTC/USDC,101.6239
2019-08-21T01:38:11.746Z,BTC,zb,XEM/BTC,XEM/USDT,BTC/USDT,0.1411
2019-08-21T01:43:00.904Z,BTC,zb,XEM/BTC,XEM/USDT,BTC/USDT,0.1641
2019-08-21T01:43:13.503Z,BTC,zb,XEM/BTC,XEM/USDT,BTC/USDT,0.148
2019-08-21T01:43:27.761Z,BTC,zb,XEM/BTC,XEM/USDT,BTC/USDT,0.1377
2019-08-21T01:43:44.000Z,BTC,zb,XEM/BTC,XEM/USDT,BTC/USDT,0.1416
2019-08-21T01:43:58.880Z,BTC,zb,XEM/BTC,XEM/USDT,BTC/USDT,0.0608
2019-08-21T01:45:13.349Z,BTC,zb,XEM/BTC,XEM/USDT,BTC/USDT,0.0794
2019-08-21T01:45:28.360Z,BTC,zb,XEM/BTC,XEM/USDT,BTC/USDT,0.0615
2019-08-21T01:45:58.472Z,BTC,zb,XEM/BTC,XEM/USDT,BTC/USDT,0.0528
2019-08-21T01:46:13.803Z,BTC,zb,XEM/BTC,XEM/USDT,BTC/USDT,0.06
2019-08-21T01:46:29.043Z,BTC,zb,XEM/BTC,XEM/USDT,BTC/USDT,0.1136
2019-08-21T02:39:41.247Z,BTC,zb,XLM/BTC,XLM/USDT,BTC/USDT,0.1011
2019-08-21T02:42:57.736Z,BTC,zb,XLM/BTC,XLM/USDT,BTC/USDT,0.0503
2019-08-21T02:43:12.893Z,BTC,zb,XLM/BTC,XLM/USDT,BTC/USDT,0.0503
2019-08-21T02:43:26.897Z,BTC,zb,XLM/BTC,XLM/USDT,BTC/USDT,0.0504
2019-08-21T02:43:42.158Z,BTC,zb,XLM/BTC,XLM/USDT,BTC/USDT,0.0776
2019-08-21T02:43:57.093Z,BTC,zb,XLM/BTC,XLM/USDT,BTC/USDT,0.1225
2019-08-21T02:44:14.224Z,BTC,zb,XLM/BTC,XLM/USDT,BTC/USDT,0.1869
2019-08-21T02:44:14.225Z,BTC,zb,XEM/BTC,XEM/USDT,BTC/USDT,0.0527
2019-08-21T02:44:28.166Z,BTC,zb,XEM/BTC,XEM/USDT,BTC/USDT,0.0798
2019-08-21T02:45:13.173Z,BTC,zb,XEM/BTC,XEM/USDT,BTC/USDT,0.1954
2019-08-21T02:45:27.381Z,BTC,zb,XEM/BTC,XEM/USDT,BTC/USDT,0.1918
2019-08-21T02:45:43.735Z,BTC,zb,XEM/BTC,XEM/USDT,BTC/USDT,0.1789
2019-08-21T02:46:00.383Z,BTC,zb,XEM/BTC,XEM/USDT,BTC/USDT,0.112
2019-08-21T02:46:14.749Z,BTC,zb,XEM/BTC,XEM/USDT,BTC/USDT,0.112
2019-08-21T02:46:27.941Z,BTC,zb,XEM/BTC,XEM/USDT,BTC/USDT,0.1142
2019-08-21T02:46:43.600Z,BTC,zb,XEM/BTC,XEM/USDT,BTC/USDT,0.1886
2019-08-21T02:46:58.680Z,BTC,zb,XEM/BTC,XEM/USDT,BTC/USDT,0.202
2019-08-21T02:47:14.226Z,BTC,zb,XEM/BTC,XEM/USDT,BTC/USDT,0.1019
2019-08-21T02:47:28.917Z,BTC,zb,XEM/BTC,XEM/USDT,BTC/USDT,0.1005
2019-08-21T02:47:42.918Z,BTC,zb,XEM/BTC,XEM/USDT,BTC/USDT,0.1073
2019-08-21T02:47:59.153Z,BTC,zb,XEM/BTC,XEM/USDT,BTC/USDT,0.1332
2019-08-21T02:48:08.768Z,BTC,zb,XEM/BTC,XEM/USDT,BTC/USDT,0.1166
2019-08-21T02:48:18.600Z,BTC,gateio,BTC/USDT,USDC/USDT,BTC/USDC,103.8975
2019-08-21T02:48:28.200Z,BTC,zb,XEM/BTC,XEM/USDT,BTC/USDT,0.1611
2019-08-21T02:48:43.073Z,BTC,zb,XEM/BTC,XEM/USDT,BTC/USDT,0.0616
2019-08-21T02:48:58.279Z,BTC,zb,XEM/BTC,XEM/USDT,BTC/USDT,0.157
2019-08-21T02:49:14.492Z,BTC,zb,XEM/BTC,XEM/USDT,BTC/USDT,0.2488
2019-08-21T02:49:28.638Z,BTC,zb,XEM/BTC,XEM/USDT,BTC/USDT,0.2655
2019-08-21T02:49:30.810Z,BTC,kucoin,MKR/BTC,MKR/ETH,ETH/BTC,0.0516
2019-08-21T02:49:31.235Z,ETH,kucoin,ETH/BTC,MKR/BTC,MKR/ETH,0.0516
2019-08-21T02:49:44.660Z,BTC,zb,XEM/BTC,XEM/USDT,BTC/USDT,0.2432
2019-08-21T02:49:58.503Z,BTC,zb,XEM/BTC,XEM/USDT,BTC/USDT,0.2612
2019-08-21T02:50:14.859Z,BTC,zb,XEM/BTC,XEM/USDT,BTC/USDT,0.2949
2019-08-21T02:50:28.723Z,BTC,zb,XEM/BTC,XEM/USDT,BTC/USDT,0.2735
2019-08-21T02:50:43.612Z,BTC,zb,XEM/BTC,XEM/USDT,BTC/USDT,0.1929
2019-08-21T02:50:54.142Z,BTC,zb,XEM/BTC,XEM/USDT,BTC/USDT,0.2023
2019-08-21T02:51:09.110Z,BTC,zb,XEM/BTC,XEM/USDT,BTC/USDT,0.1956
2019-08-21T02:51:29.945Z,BTC,zb,XEM/BTC,XEM/USDT,BTC/USDT,0.2405
2019-08-21T02:51:44.072Z,BTC,zb,XEM/BTC,XEM/USDT,BTC/USDT,0.2142
2019-08-21T02:51:59.143Z,BTC,zb,XEM/BTC,XEM/USDT,BTC/USDT,0.2404
2019-08-21T02:52:16.010Z,BTC,zb,XEM/BTC,XEM/USDT,BTC/USDT,0.2142
2019-08-21T02:52:29.178Z,BTC,zb,XEM/BTC,XEM/USDT,BTC/USDT,0.2497
2019-08-21T02:52:44.041Z,BTC,zb,XEM/BTC,XEM/USDT,BTC/USDT,0.2526
2019-08-21T02:52:57.514Z,BTC,zb,XEM/BTC,XEM/USDT,BTC/USDT,0.2951
2019-08-21T02:53:13.359Z,BTC,zb,XEM/BTC,XEM/USDT,BTC/USDT,0.2938
2019-08-21T02:53:29.465Z,BTC,zb,XEM/BTC,XEM/USDT,BTC/USDT,0.2914
2019-08-21T02:53:44.297Z,BTC,zb,XEM/BTC,XEM/USDT,BTC/USDT,0.3027
2019-08-21T02:54:00.533Z,BTC,zb,XEM/BTC,XEM/USDT,BTC/USDT,0.1849
2019-08-21T02:54:10.175Z,BTC,zb,XEM/BTC,XEM/USDT,BTC/USDT,0.1818
2019-08-21T02:54:29.756Z,BTC,zb,XEM/BTC,XEM/USDT,BTC/USDT,0.1494
2019-08-21T02:54:44.630Z,BTC,zb,XEM/BTC,XEM/USDT,BTC/USDT,0.1388
2019-08-21T02:54:59.673Z,BTC,zb,XEM/BTC,XEM/USDT,BTC/USDT,0.1908
2019-08-21T02:55:14.634Z,BTC,zb,XEM/BTC,XEM/USDT,BTC/USDT,0.1803
2019-08-21T02:55:24.535Z,BTC,zb,XEM/BTC,XEM/USDT,BTC/USDT,0.1856
2019-08-21T02:55:45.447Z,BTC,zb,XEM/BTC,XEM/USDT,BTC/USDT,0.1273
2019-08-21T02:55:59.556Z,BTC,zb,XEM/BTC,XEM/USDT,BTC/USDT,0.1812
2019-08-21T02:56:14.096Z,BTC,zb,XEM/BTC,XEM/USDT,BTC/USDT,0.1373
2019-08-21T02:56:30.078Z,BTC,zb,XEM/BTC,XEM/USDT,BTC/USDT,0.1461
2019-08-21T02:56:45.113Z,BTC,zb,XEM/BTC,XEM/USDT,BTC/USDT,0.1561
2019-08-21T02:57:01.167Z,BTC,zb,XEM/BTC,XEM/USDT,BTC/USDT,0.1363
2019-08-21T02:57:31.159Z,BTC,zb,XEM/BTC,XEM/USDT,BTC/USDT,0.1505
2019-08-21T02:57:46.044Z,BTC,zb,XEM/BTC,XEM/USDT,BTC/USDT,0.1238
2019-08-21T02:58:01.597Z,BTC,zb,XEM/BTC,XEM/USDT,BTC/USDT,0.122
2019-08-21T02:58:16.081Z,BTC,zb,XEM/BTC,XEM/USDT,BTC/USDT,0.1843
2019-08-21T02:58:31.423Z,BTC,zb,XEM/BTC,XEM/USDT,BTC/USDT,0.1794
2019-08-21T02:58:47.871Z,BTC,zb,XEM/BTC,XEM/USDT,BTC/USDT,0.0511
2019-08-21T02:59:30.878Z,BTC,zb,XEM/BTC,XEM/USDT,BTC/USDT,0.0558
2019-08-21T03:00:00.710Z,BTC,zb,XEM/BTC,XEM/USDT,BTC/USDT,0.056
2019-08-21T03:01:00.945Z,BTC,zb,XEM/BTC,XEM/USDT,BTC/USDT,0.0503
2019-08-21T03:01:16.909Z,BTC,zb,XEM/BTC,XEM/USDT,BTC/USDT,0.0561
2019-08-21T03:01:31.301Z,BTC,zb,XEM/BTC,XEM/USDT,BTC/USDT,0.0561
2019-08-21T03:02:01.175Z,BTC,zb,XEM/BTC,XEM/USDT,BTC/USDT,0.0734
2019-08-21T03:02:17.118Z,BTC,zb,XEM/BTC,XEM/USDT,BTC/USDT,0.0877
2019-08-21T03:03:17.281Z,BTC,zb,XEM/BTC,XEM/USDT,BTC/USDT,0.1201
2019-08-21T03:03:47.782Z,BTC,zb,XEM/BTC,XEM/USDT,BTC/USDT,0.1327
2019-08-21T03:04:02.121Z,BTC,zb,XEM/BTC,XEM/USDT,BTC/USDT,0.1794
2019-08-21T03:04:15.727Z,BTC,zb,XEM/BTC,XEM/USDT,BTC/USDT,0.1351
2019-08-21T03:04:32.961Z,BTC,zb,XEM/BTC,XEM/USDT,BTC/USDT,0.1441
2019-08-21T03:04:47.008Z,BTC,zb,XEM/BTC,XEM/USDT,BTC/USDT,0.1783
2019-08-21T03:05:02.048Z,BTC,zb,XEM/BTC,XEM/USDT,BTC/USDT,0.1566
2019-08-21T03:05:18.943Z,BTC,zb,XEM/BTC,XEM/USDT,BTC/USDT,0.1355
2019-08-21T03:05:34.274Z,BTC,zb,XEM/BTC,XEM/USDT,BTC/USDT,0.1451
2019-08-21T03:05:48.209Z,BTC,zb,XEM/BTC,XEM/USDT,BTC/USDT,0.1577
2019-08-21T03:05:57.034Z,BTC,zb,XEM/BTC,XEM/USDT,BTC/USDT,0.1433
2019-08-21T03:06:18.084Z,BTC,zb,XEM/BTC,XEM/USDT,BTC/USDT,0.1765
2019-08-21T03:06:32.559Z,BTC,zb,XEM/BTC,XEM/USDT,BTC/USDT,0.1876
2019-08-21T03:06:48.234Z,BTC,zb,XEM/BTC,XEM/USDT,BTC/USDT,0.1765
2019-08-21T03:07:02.386Z,BTC,zb,XEM/BTC,XEM/USDT,BTC/USDT,0.18
2019-08-21T03:07:18.291Z,BTC,zb,XEM/BTC,XEM/USDT,BTC/USDT,0.1845
2019-08-21T03:07:32.601Z,BTC,zb,XEM/BTC,XEM/USDT,BTC/USDT,0.3014
2019-08-21T03:07:47.712Z,BTC,zb,XEM/BTC,XEM/USDT,BTC/USDT,0.1245
2019-08-21T03:08:02.842Z,BTC,zb,XEM/BTC,XEM/USDT,BTC/USDT,0.1518
2019-08-21T03:08:18.586Z,BTC,zb,XEM/BTC,XEM/USDT,BTC/USDT,0.122
2019-08-21T03:08:47.880Z,BTC,zb,XEM/BTC,XEM/USDT,BTC/USDT,0.1547
2019-08-21T03:09:04.115Z,BTC,zb,XEM/BTC,XEM/USDT,BTC/USDT,0.1493
2019-08-21T03:09:19.910Z,BTC,zb,XEM/BTC,XEM/USDT,BTC/USDT,0.1478
2019-08-21T03:09:33.080Z,BTC,zb,XEM/BTC,XEM/USDT,BTC/USDT,0.1302
2019-08-21T03:09:48.121Z,BTC,zb,XEM/BTC,XEM/USDT,BTC/USDT,0.1529
2019-08-21T03:10:03.370Z,BTC,zb,XEM/BTC,XEM/USDT,BTC/USDT,0.1305
2019-08-21T03:10:19.118Z,BTC,zb,XEM/BTC,XEM/USDT,BTC/USDT,0.1435
2019-08-21T03:10:33.674Z,BTC,zb,XEM/BTC,XEM/USDT,BTC/USDT,0.1312
2019-08-21T03:10:48.595Z,BTC,zb,XEM/BTC,XEM/USDT,BTC/USDT,0.1488
2019-08-21T03:11:03.294Z,BTC,zb,XEM/BTC,XEM/USDT,BTC/USDT,0.1632
2019-08-21T03:11:19.243Z,BTC,zb,XEM/BTC,XEM/USDT,BTC/USDT,0.1777
2019-08-21T03:11:33.424Z,BTC,zb,XEM/BTC,XEM/USDT,BTC/USDT,0.1647
2019-08-21T03:11:48.791Z,BTC,zb,XEM/BTC,XEM/USDT,BTC/USDT,0.1567
2019-08-21T03:12:03.708Z,BTC,zb,XEM/BTC,XEM/USDT,BTC/USDT,0.1979
2019-08-21T03:12:19.384Z,BTC,zb,XEM/BTC,XEM/USDT,BTC/USDT,0.1546
2019-08-21T03:12:34.899Z,BTC,zb,XEM/BTC,XEM/USDT,BTC/USDT,0.1761
2019-08-21T03:12:47.896Z,BTC,zb,XEM/BTC,XEM/USDT,BTC/USDT,0.1715
2019-08-21T03:13:04.853Z,BTC,zb,XEM/BTC,XEM/USDT,BTC/USDT,0.2078
2019-08-21T03:13:19.751Z,BTC,zb,XEM/BTC,XEM/USDT,BTC/USDT,0.2217
2019-08-21T03:13:34.050Z,BTC,zb,XEM/BTC,XEM/USDT,BTC/USDT,0.2011
2019-08-21T03:13:49.063Z,BTC,zb,XEM/BTC,XEM/USDT,BTC/USDT,0.1481
2019-08-21T03:14:04.217Z,BTC,zb,XEM/BTC,XEM/USDT,BTC/USDT,0.1685
2019-08-21T03:14:20.049Z,BTC,zb,XEM/BTC,XEM/USDT,BTC/USDT,0.1775
2019-08-21T03:14:35.376Z,BTC,zb,XEM/BTC,XEM/USDT,BTC/USDT,0.1596
2019-08-21T03:14:49.721Z,BTC,zb,XEM/BTC,XEM/USDT,BTC/USDT,0.1429
2019-08-21T03:15:05.302Z,BTC,zb,XEM/BTC,XEM/USDT,BTC/USDT,0.1524
2019-08-21T03:15:19.246Z,BTC,zb,XEM/BTC,XEM/USDT,BTC/USDT,0.1883
2019-08-21T03:15:34.644Z,BTC,zb,XEM/BTC,XEM/USDT,BTC/USDT,0.1829
2019-08-21T03:15:49.593Z,BTC,zb,XEM/BTC,XEM/USDT,BTC/USDT,0.1808
2019-08-21T03:16:04.722Z,BTC,zb,XEM/BTC,XEM/USDT,BTC/USDT,0.1879
2019-08-21T03:16:20.348Z,BTC,zb,XEM/BTC,XEM/USDT,BTC/USDT,0.1677
2019-08-21T03:16:35.244Z,BTC,zb,XEM/BTC,XEM/USDT,BTC/USDT,0.1623
2019-08-21T03:16:49.583Z,BTC,zb,XEM/BTC,XEM/USDT,BTC/USDT,0.1785
2019-08-21T03:17:04.640Z,BTC,zb,XEM/BTC,XEM/USDT,BTC/USDT,0.1946
2019-08-21T03:17:21.052Z,BTC,zb,XEM/BTC,XEM/USDT,BTC/USDT,0.1864
2019-08-21T03:17:35.177Z,BTC,zb,XEM/BTC,XEM/USDT,BTC/USDT,0.1854
2019-08-21T03:17:51.292Z,BTC,zb,XEM/BTC,XEM/USDT,BTC/USDT,0.1756
2019-08-21T03:18:05.005Z,BTC,zb,XEM/BTC,XEM/USDT,BTC/USDT,0.1447
2019-08-21T03:18:21.100Z,BTC,zb,XEM/BTC,XEM/USDT,BTC/USDT,0.1618
2019-08-21T03:18:35.112Z,BTC,zb,XEM/BTC,XEM/USDT,BTC/USDT,0.1528
2019-08-21T03:18:49.478Z,BTC,zb,XEM/BTC,XEM/USDT,BTC/USDT,0.1503
2019-08-21T03:19:05.093Z,BTC,zb,XEM/BTC,XEM/USDT,BTC/USDT,0.1548
2019-08-21T03:19:21.317Z,BTC,zb,XEM/BTC,XEM/USDT,BTC/USDT,0.1474
2019-08-21T03:19:37.795Z,BTC,zb,XEM/BTC,XEM/USDT,BTC/USDT,0.1457
2019-08-21T03:19:50.965Z,BTC,zb,XEM/BTC,XEM/USDT,BTC/USDT,0.1307
2019-08-21T03:20:05.706Z,BTC,zb,XEM/BTC,XEM/USDT,BTC/USDT,0.1591
2019-08-21T03:20:19.561Z,BTC,zb,XEM/BTC,XEM/USDT,BTC/USDT,0.1735
2019-08-21T03:20:35.803Z,BTC,zb,XEM/BTC,XEM/USDT,BTC/USDT,0.1842
2019-08-21T03:20:51.935Z,BTC,zb,XEM/BTC,XEM/USDT,BTC/USDT,0.1842
2019-08-21T03:21:05.575Z,BTC,zb,XEM/BTC,XEM/USDT,BTC/USDT,0.1885
2019-08-21T03:21:21.490Z,BTC,zb,XEM/BTC,XEM/USDT,BTC/USDT,0.1759
2019-08-21T03:21:36.943Z,BTC,zb,XEM/BTC,XEM/USDT,BTC/USDT,0.1341
2019-08-21T03:21:51.062Z,BTC,zb,XEM/BTC,XEM/USDT,BTC/USDT,0.148
2019-08-21T03:22:06.153Z,BTC,zb,XEM/BTC,XEM/USDT,BTC/USDT,0.1498
2019-08-21T03:22:23.069Z,BTC,zb,XEM/BTC,XEM/USDT,BTC/USDT,0.148
2019-08-21T03:22:35.280Z,BTC,zb,XEM/BTC,XEM/USDT,BTC/USDT,0.1221
2019-08-21T03:22:51.388Z,BTC,zb,XEM/BTC,XEM/USDT,BTC/USDT,0.1336
2019-08-21T03:23:06.015Z,BTC,zb,XEM/BTC,XEM/USDT,BTC/USDT,0.1613
2019-08-21T03:23:21.458Z,BTC,zb,XEM/BTC,XEM/USDT,BTC/USDT,0.1086
2019-08-21T03:23:36.273Z,BTC,zb,XEM/BTC,XEM/USDT,BTC/USDT,0.1675
2019-08-21T03:23:52.331Z,BTC,zb,XEM/BTC,XEM/USDT,BTC/USDT,0.168
2019-08-21T03:24:08.211Z,BTC,zb,XEM/BTC,XEM/USDT,BTC/USDT,0.1697
2019-08-21T03:24:21.526Z,BTC,zb,XEM/BTC,XEM/USDT,BTC/USDT,0.166
2019-08-21T03:24:52.815Z,BTC,zb,XEM/BTC,XEM/USDT,BTC/USDT,0.1351
2019-08-21T03:25:05.838Z,BTC,zb,XEM/BTC,XEM/USDT,BTC/USDT,0.1351
2019-08-21T03:25:22.600Z,BTC,zb,XEM/BTC,XEM/USDT,BTC/USDT,0.1531
2019-08-21T03:25:27.093Z,BTC,gateio,BTC/USDT,USDC/USDT,BTC/USDC,103.9651
2019-08-21T03:25:36.726Z,BTC,zb,XEM/BTC,XEM/USDT,BTC/USDT,0.1243
2019-08-21T03:25:51.822Z,BTC,zb,XEM/BTC,XEM/USDT,BTC/USDT,0.1528
2019-08-21T03:26:06.075Z,BTC,zb,XEM/BTC,XEM/USDT,BTC/USDT,0.231
2019-08-21T03:26:23.198Z,BTC,zb,XEM/BTC,XEM/USDT,BTC/USDT,0.2215
2019-08-21T03:26:38.154Z,BTC,zb,XEM/BTC,XEM/USDT,BTC/USDT,0.2561
2019-08-21T03:26:53.130Z,BTC,zb,XEM/BTC,XEM/USDT,BTC/USDT,0.2597
2019-08-21T03:27:06.945Z,BTC,zb,XEM/BTC,XEM/USDT,BTC/USDT,0.2714
2019-08-21T03:27:23.162Z,BTC,zb,XEM/BTC,XEM/USDT,BTC/USDT,0.2571
2019-08-21T03:27:37.210Z,BTC,zb,XEM/BTC,XEM/USDT,BTC/USDT,0.2373
2019-08-21T03:27:52.326Z,BTC,zb,XEM/BTC,XEM/USDT,BTC/USDT,0.2603
2019-08-21T03:28:07.198Z,BTC,zb,XEM/BTC,XEM/USDT,BTC/USDT,0.2419
2019-08-21T03:28:23.665Z,BTC,zb,XEM/BTC,XEM/USDT,BTC/USDT,0.2824
2019-08-21T03:28:37.771Z,BTC,zb,XEM/BTC,XEM/USDT,BTC/USDT,0.2628
2019-08-21T03:28:53.418Z,BTC,zb,XEM/BTC,XEM/USDT,BTC/USDT,0.2459
2019-08-21T03:29:08.479Z,BTC,zb,XEM/BTC,XEM/USDT,BTC/USDT,0.2372
2019-08-21T03:29:23.762Z,BTC,zb,XEM/BTC,XEM/USDT,BTC/USDT,0.2534
2019-08-21T03:29:38.780Z,BTC,zb,XEM/BTC,XEM/USDT,BTC/USDT,0.2336
2019-08-21T03:29:52.905Z,BTC,zb,XEM/BTC,XEM/USDT,BTC/USDT,0.257
2019-08-21T03:30:08.030Z,BTC,zb,XEM/BTC,XEM/USDT,BTC/USDT,0.2632
2019-08-21T03:30:23.019Z,BTC,zb,XEM/BTC,XEM/USDT,BTC/USDT,0.2614
2019-08-21T03:30:38.010Z,BTC,zb,XEM/BTC,XEM/USDT,BTC/USDT,0.303
2019-08-21T03:30:54.220Z,BTC,zb,XEM/BTC,XEM/USDT,BTC/USDT,0.2448
2019-08-21T03:31:07.920Z,BTC,zb,XEM/BTC,XEM/USDT,BTC/USDT,0.2467
2019-08-21T03:31:23.125Z,BTC,zb,XEM/BTC,XEM/USDT,BTC/USDT,0.2179
2019-08-21T03:31:39.433Z,BTC,zb,XEM/BTC,XEM/USDT,BTC/USDT,0.2111
2019-08-21T03:31:54.564Z,BTC,zb,XEM/BTC,XEM/USDT,BTC/USDT,0.2237
2019-08-21T03:32:10.896Z,BTC,zb,XEM/BTC,XEM/USDT,BTC/USDT,0.2123
2019-08-21T03:32:26.242Z,BTC,zb,XEM/BTC,XEM/USDT,BTC/USDT,0.2367
2019-08-21T03:32:39.590Z,BTC,zb,XEM/BTC,XEM/USDT,BTC/USDT,0.2433
2019-08-21T03:32:53.387Z,BTC,zb,XEM/BTC,XEM/USDT,BTC/USDT,0.2523
2019-08-21T03:33:07.572Z,BTC,zb,XEM/BTC,XEM/USDT,BTC/USDT,0.2703
2019-08-21T03:33:23.889Z,BTC,zb,XEM/BTC,XEM/USDT,BTC/USDT,0.2112
2019-08-21T03:33:39.680Z,BTC,zb,XEM/BTC,XEM/USDT,BTC/USDT,0.2082
2019-08-21T03:33:53.833Z,BTC,zb,XEM/BTC,XEM/USDT,BTC/USDT,0.2533
2019-08-21T03:33:58.533Z,BTC,kucoin,BNB/BTC,BNB/USDT,BTC/USDT,0.0625
2019-08-21T03:34:24.541Z,BTC,zb,XEM/BTC,XEM/USDT,BTC/USDT,0.6111
2019-08-21T03:34:28.080Z,BTC,kucoin,ZEC/BTC,ZEC/USDT,BTC/USDT,0.1516
2019-08-21T03:34:32.703Z,BTC,zb,XLM/BTC,XLM/USDT,BTC/USDT,0.2779
2019-08-21T03:34:32.704Z,BTC,zb,XEM/BTC,XEM/USDT,BTC/USDT,0.6806
2019-08-21T03:34:44.552Z,BTC,kucoin,BNB/BTC,BNB/USDT,BTC/USDT,0.0749
2019-08-21T03:34:44.554Z,BTC,kucoin,ADA/BTC,ADA/USDT,BTC/USDT,0.4726
2019-08-21T03:34:53.790Z,BTC,zb,XEM/BTC,XEM/USDT,BTC/USDT,1.0636
2019-08-21T03:34:53.791Z,BTC,zb,TRX/BTC,TRX/USDT,BTC/USDT,0.3058
2019-08-21T03:34:55.842Z,BTC,kucoin,BNB/BTC,BNB/USDT,BTC/USDT,0.1226
2019-08-21T03:34:55.843Z,BTC,kucoin,ZEC/BTC,ZEC/USDT,BTC/USDT,0.1657
2019-08-21T03:34:55.843Z,BTC,kucoin,ADA/BTC,ADA/USDT,BTC/USDT,0.0822
2019-08-21T03:35:09.589Z,BTC,kucoin,ADA/BTC,ADA/USDT,BTC/USDT,0.0822
2019-08-21T03:35:09.588Z,BTC,kucoin,ZEC/BTC,ZEC/USDT,BTC/USDT,0.1657
2019-08-21T03:35:10.041Z,BTC,zb,XEM/BTC,XEM/USDT,BTC/USDT,1.5266
2019-08-21T03:35:10.042Z,BTC,zb,TRX/BTC,TRX/USDT,BTC/USDT,0.3389
2019-08-21T03:35:10.196Z,BTC,coinex,BTC/USDC,USDC/USDT,BTC/USDT,0.1021
2019-08-21T03:35:16.742Z,BTC,poloniex,EOS/BTC,EOS/USDC,BTC/USDC,0.0707
2019-08-21T03:35:18.904Z,BTC,zb,XLM/BTC,XLM/USDT,BTC/USDT,0.1611
2019-08-21T03:35:18.905Z,BTC,zb,XEM/BTC,XEM/USDT,BTC/USDT,1.4683
2019-08-21T03:35:18.906Z,BTC,zb,TRX/BTC,TRX/USDT,BTC/USDT,0.611
2019-08-21T03:35:20.691Z,BTC,kucoin,ADA/BTC,ADA/USDT,BTC/USDT,0.1389
2019-08-21T03:35:31.633Z,BTC,poloniex,ATOM/BTC,ATOM/USDC,BTC/USDC,0.3019
2019-08-21T03:35:31.634Z,BTC,poloniex,ATOM/BTC,ATOM/USDT,BTC/USDT,0.3055
2019-08-21T03:35:34.503Z,BTC,zb,XLM/BTC,XLM/USDT,BTC/USDT,0.2662
2019-08-21T03:35:34.503Z,BTC,zb,XEM/BTC,XEM/USDT,BTC/USDT,1.2969
2019-08-21T03:35:44.705Z,BTC,kucoin,ZEC/BTC,ZEC/USDT,BTC/USDT,0.0659
2019-08-21T03:35:54.113Z,BTC,poloniex,ATOM/BTC,ATOM/USDC,BTC/USDC,0.2566
2019-08-21T03:35:54.426Z,BTC,zb,XEM/BTC,XEM/USDT,BTC/USDT,1.5179
2019-08-21T03:35:56.750Z,BTC,kucoin,TRX/BTC,TRX/USDT,BTC/USDT,0.0962
2019-08-21T03:35:56.751Z,BTC,kucoin,MKR/BTC,MKR/ETH,ETH/BTC,0.2068
2019-08-21T03:35:57.171Z,ETH,kucoin,ETH/BTC,MKR/BTC,MKR/ETH,0.2068
2019-08-21T03:36:11.420Z,ETH,kucoin,ETH/BTC,MKR/BTC,MKR/ETH,0.0877
2019-08-21T03:36:10.988Z,BTC,kucoin,MKR/BTC,MKR/ETH,ETH/BTC,0.0877
2019-08-21T03:36:11.682Z,BTC,zb,XEM/BTC,XEM/USDT,BTC/USDT,1.4901
2019-08-21T03:36:25.433Z,BTC,zb,XEM/BTC,XEM/USDT,BTC/USDT,1.2874
2019-08-21T03:36:40.512Z,BTC,zb,XEM/BTC,XEM/USDT,BTC/USDT,1.2977
2019-08-21T03:36:54.424Z,BTC,zb,XEM/BTC,XEM/USDT,BTC/USDT,1.0972
2019-08-21T03:36:59.166Z,BTC,kucoin,MKR/BTC,MKR/ETH,ETH/BTC,0.0552
2019-08-21T03:36:59.586Z,ETH,kucoin,ETH/BTC,MKR/BTC,MKR/ETH,0.0552
2019-08-21T03:37:11.576Z,ETH,kucoin,ETH/BTC,MKR/BTC,MKR/ETH,0.2339
2019-08-21T03:37:11.148Z,BTC,kucoin,MKR/BTC,MKR/ETH,ETH/BTC,0.2339
2019-08-21T03:37:11.593Z,BTC,zb,XLM/BTC,XLM/USDT,BTC/USDT,0.3012
2019-08-21T03:37:11.594Z,BTC,zb,XEM/BTC,XEM/USDT,BTC/USDT,1.3086
2019-08-21T03:37:24.631Z,BTC,zb,XLM/BTC,XLM/USDT,BTC/USDT,0.3401
2019-08-21T03:37:24.633Z,BTC,zb,XEM/BTC,XEM/USDT,BTC/USDT,1.348
2019-08-21T03:37:40.365Z,BTC,kucoin,BNB/BTC,BNB/USDT,BTC/USDT,0.1494
2019-08-21T03:37:41.752Z,BTC,zb,XLM/BTC,XLM/USDT,BTC/USDT,0.2065
2019-08-21T03:37:41.753Z,BTC,zb,XEM/BTC,XEM/USDT,BTC/USDT,1.5737
2019-08-21T03:37:55.709Z,BTC,zb,XLM/BTC,XLM/USDT,BTC/USDT,0.1911
2019-08-21T03:37:55.710Z,BTC,zb,XEM/BTC,XEM/USDT,BTC/USDT,1.9666
2019-08-21T03:37:58.828Z,BTC,kucoin,BNB/BTC,BNB/USDT,BTC/USDT,0.108
2019-08-21T03:38:26.135Z,BTC,zb,XLM/BTC,XLM/USDT,BTC/USDT,0.0636
2019-08-21T03:38:26.136Z,BTC,zb,XEM/BTC,XEM/USDT,BTC/USDT,1.7431
2019-08-21T03:38:29.067Z,BTC,kucoin,BNB/BTC,BNB/USDT,BTC/USDT,0.0547
2019-08-21T03:38:40.994Z,BTC,zb,XLM/BTC,XLM/USDT,BTC/USDT,0.1582
2019-08-21T03:38:40.995Z,BTC,zb,XEM/BTC,XEM/USDT,BTC/USDT,1.7326
2019-08-21T03:38:54.896Z,BTC,zb,XEM/BTC,XEM/USDT,BTC/USDT,1.8065
2019-08-21T03:39:10.214Z,BTC,zb,XEM/BTC,XEM/USDT,BTC/USDT,1.8675
2019-08-21T03:39:24.035Z,BTC,zb,XEM/BTC,XEM/USDT,BTC/USDT,1.9167
2019-08-21T03:39:41.431Z,BTC,zb,XEM/BTC,XEM/USDT,BTC/USDT,1.6724
2019-08-21T03:39:56.362Z,BTC,zb,XEM/BTC,XEM/USDT,BTC/USDT,1.5216
2019-08-21T03:40:10.734Z,BTC,kucoin,MKR/BTC,MKR/ETH,ETH/BTC,0.0761
2019-08-21T03:40:11.170Z,ETH,kucoin,ETH/BTC,MKR/BTC,MKR/ETH,0.0761
2019-08-21T03:40:25.878Z,BTC,kucoin,MKR/BTC,MKR/ETH,ETH/BTC,0.1301
2019-08-21T03:40:26.301Z,ETH,kucoin,ETH/BTC,MKR/BTC,MKR/ETH,0.1301
2019-08-21T03:40:26.320Z,BTC,zb,XEM/BTC,XEM/USDT,BTC/USDT,1.6292
2019-08-21T03:40:40.457Z,BTC,zb,XLM/BTC,XLM/USDT,BTC/USDT,0.1465
2019-08-21T03:40:40.459Z,BTC,zb,XEM/BTC,XEM/USDT,BTC/USDT,1.6845
2019-08-21T03:40:41.539Z,BTC,kucoin,MKR/BTC,MKR/ETH,ETH/BTC,0.1572
2019-08-21T03:40:41.959Z,ETH,kucoin,ETH/BTC,MKR/BTC,MKR/ETH,0.1572
2019-08-21T03:40:54.562Z,BTC,zb,XLM/BTC,XLM/USDT,BTC/USDT,0.2001
2019-08-21T03:40:54.563Z,BTC,zb,XEM/BTC,XEM/USDT,BTC/USDT,1.6651
2019-08-21T03:41:00.229Z,BTC,kucoin,ZEC/BTC,ZEC/USDT,BTC/USDT,0.1703
2019-08-21T03:41:00.230Z,BTC,kucoin,MKR/BTC,MKR/ETH,ETH/BTC,0.2491
2019-08-21T03:41:00.650Z,ETH,kucoin,ETH/BTC,MKR/BTC,MKR/ETH,0.2491
2019-08-21T03:41:11.413Z,BTC,zb,XEM/BTC,XEM/USDT,BTC/USDT,1.8355
2019-08-21T03:41:15.162Z,BTC,kucoin,MKR/BTC,MKR/ETH,ETH/BTC,0.2112
2019-08-21T03:41:15.585Z,ETH,kucoin,ETH/BTC,MKR/BTC,MKR/ETH,0.2112
2019-08-21T03:41:27.065Z,BTC,kucoin,ZEC/BTC,ZEC/USDT,BTC/USDT,0.0936
2019-08-21T03:41:27.491Z,ETH,kucoin,ETH/BTC,MKR/BTC,MKR/ETH,0.2815
2019-08-21T03:41:27.067Z,BTC,kucoin,MKR/BTC,MKR/ETH,ETH/BTC,0.2815
2019-08-21T03:41:27.510Z,BTC,zb,XEM/BTC,XEM/USDT,BTC/USDT,1.8534
2019-08-21T03:41:46.926Z,BTC,kucoin,MKR/BTC,MKR/ETH,ETH/BTC,0.2707
2019-08-21T03:41:47.346Z,ETH,kucoin,ETH/BTC,MKR/BTC,MKR/ETH,0.2707
2019-08-21T03:41:55.670Z,BTC,zb,XEM/BTC,XEM/USDT,BTC/USDT,2.2449
2019-08-21T03:41:59.894Z,BTC,kucoin,MKR/BTC,MKR/ETH,ETH/BTC,0.2707
2019-08-21T03:42:00.314Z,ETH,kucoin,ETH/BTC,MKR/BTC,MKR/ETH,0.2707
2019-08-21T03:42:12.159Z,ETH,kucoin,ETH/BTC,MKR/BTC,MKR/ETH,0.2815
2019-08-21T03:42:11.733Z,BTC,kucoin,MKR/BTC,MKR/ETH,ETH/BTC,0.2815
2019-08-21T03:42:12.179Z,BTC,zb,XEM/BTC,XEM/USDT,BTC/USDT,2.1831
2019-08-21T03:42:25.992Z,BTC,zb,XEM/BTC,XEM/USDT,BTC/USDT,2.2512
2019-08-21T03:42:27.631Z,BTC,kucoin,MKR/BTC,MKR/ETH,ETH/BTC,0.2004
2019-08-21T03:42:28.051Z,ETH,kucoin,ETH/BTC,MKR/BTC,MKR/ETH,0.2004
2019-08-21T03:42:41.677Z,BTC,zb,XEM/BTC,XEM/USDT,BTC/USDT,2.1537
2019-08-21T03:42:45.542Z,BTC,kucoin,MKR/BTC,MKR/ETH,ETH/BTC,0.1464
2019-08-21T03:42:45.961Z,ETH,kucoin,ETH/BTC,MKR/BTC,MKR/ETH,0.1464
2019-08-21T03:42:55.733Z,BTC,zb,XEM/BTC,XEM/USDT,BTC/USDT,2.2466
2019-08-21T03:43:00.522Z,BTC,kucoin,MKR/BTC,MKR/ETH,ETH/BTC,0.1085
2019-08-21T03:43:00.946Z,ETH,kucoin,ETH/BTC,MKR/BTC,MKR/ETH,0.1085
2019-08-21T03:43:10.787Z,BTC,zb,XEM/BTC,XEM/USDT,BTC/USDT,2.2595
2019-08-21T03:43:15.402Z,ETH,kucoin,ETH/BTC,MKR/BTC,MKR/ETH,0.1572
2019-08-21T03:43:14.976Z,BTC,kucoin,MKR/BTC,MKR/ETH,ETH/BTC,0.1572
2019-08-21T03:43:27.970Z,ETH,kucoin,ETH/BTC,MKR/BTC,MKR/ETH,0.1734
2019-08-21T03:43:27.546Z,BTC,kucoin,MKR/BTC,MKR/ETH,ETH/BTC,0.1734
2019-08-21T03:43:27.988Z,BTC,zb,XEM/BTC,XEM/USDT,BTC/USDT,2.1612
2019-08-21T03:43:42.053Z,BTC,zb,XEM/BTC,XEM/USDT,BTC/USDT,1.9116
2019-08-21T03:43:45.898Z,BTC,kucoin,MKR/BTC,MKR/ETH,ETH/BTC,0.1788
2019-08-21T03:43:46.341Z,ETH,kucoin,ETH/BTC,MKR/BTC,MKR/ETH,0.1788
2019-08-21T03:43:56.201Z,BTC,zb,XEM/BTC,XEM/USDT,BTC/USDT,2.2033
2019-08-21T03:44:00.866Z,BTC,kucoin,MKR/BTC,MKR/ETH,ETH/BTC,0.1409
2019-08-21T03:44:01.288Z,ETH,kucoin,ETH/BTC,MKR/BTC,MKR/ETH,0.1409
2019-08-21T03:44:11.280Z,BTC,zb,XEM/BTC,XEM/USDT,BTC/USDT,2.2608
2019-08-21T03:44:15.847Z,ETH,kucoin,ETH/BTC,MKR/BTC,MKR/ETH,0.1355
2019-08-21T03:44:15.424Z,BTC,kucoin,MKR/BTC,MKR/ETH,ETH/BTC,0.1355
2019-08-21T03:44:27.365Z,BTC,zb,XEM/BTC,XEM/USDT,BTC/USDT,2.3606
2019-08-21T03:44:32.213Z,BTC,kucoin,MKR/BTC,MKR/ETH,ETH/BTC,0.1355
2019-08-21T03:44:32.649Z,ETH,kucoin,ETH/BTC,MKR/BTC,MKR/ETH,0.1355
2019-08-21T03:44:42.783Z,BTC,zb,XEM/BTC,XEM/USDT,BTC/USDT,2.2474
2019-08-21T03:44:46.109Z,BTC,kucoin,MKR/BTC,MKR/ETH,ETH/BTC,0.1734
2019-08-21T03:44:46.531Z,ETH,kucoin,ETH/BTC,MKR/BTC,MKR/ETH,0.1734
2019-08-21T03:44:57.237Z,BTC,zb,XEM/BTC,XEM/USDT,BTC/USDT,2.1899
2019-08-21T03:45:00.734Z,BTC,kucoin,ETH/BTC,VET/ETH,VET/BTC,0.6686
2019-08-21T03:45:00.735Z,BTC,kucoin,ZEC/BTC,ZEC/USDT,BTC/USDT,0.0897
2019-08-21T03:45:00.736Z,BTC,kucoin,MKR/BTC,MKR/ETH,ETH/BTC,0.2058
2019-08-21T03:45:01.163Z,ETH,kucoin,VET/ETH,VET/BTC,ETH/BTC,0.6686
2019-08-21T03:45:01.165Z,ETH,kucoin,ETH/BTC,MKR/BTC,MKR/ETH,0.2058
2019-08-21T03:45:11.356Z,BTC,zb,XEM/BTC,XEM/USDT,BTC/USDT,2.1873
2019-08-21T03:45:13.042Z,BTC,kucoin,ZEC/BTC,ZEC/USDT,BTC/USDT,0.3329
2019-08-21T03:45:13.043Z,BTC,kucoin,MKR/BTC,MKR/ETH,ETH/BTC,0.3194
2019-08-21T03:45:13.473Z,ETH,kucoin,ETH/BTC,MKR/BTC,MKR/ETH,0.3194
2019-08-21T03:45:26.375Z,BTC,zb,XLM/BTC,XLM/USDT,BTC/USDT,0.305
2019-08-21T03:45:26.376Z,BTC,zb,XEM/BTC,XEM/USDT,BTC/USDT,2.289
2019-08-21T03:45:28.240Z,BTC,kucoin,XTZ/BTC,XTZ/USDT,BTC/USDT,0.0912
2019-08-21T03:45:28.240Z,BTC,kucoin,ZEC/BTC,ZEC/USDT,BTC/USDT,0.6136
2019-08-21T03:45:28.241Z,BTC,kucoin,ADA/BTC,ADA/USDT,BTC/USDT,0.3014
2019-08-21T03:45:28.241Z,BTC,kucoin,MKR/BTC,MKR/ETH,ETH/BTC,0.6037
2019-08-21T03:45:28.664Z,ETH,kucoin,ETH/BTC,MKR/BTC,MKR/ETH,0.6037
2019-08-21T03:45:28.239Z,BTC,kucoin,BNB/BTC,BNB/USDT,BTC/USDT,0.1468
2019-08-21T03:45:47.724Z,BTC,kucoin,ZEC/BTC,ZEC/USDT,BTC/USDT,0.1176
2019-08-21T03:45:57.395Z,BTC,zb,XLM/BTC,XLM/USDT,BTC/USDT,0.0883
2019-08-21T03:45:57.396Z,BTC,zb,XEM/BTC,XEM/USDT,BTC/USDT,2.2328
2019-08-21T03:46:02.775Z,BTC,kucoin,ZEC/BTC,ZEC/USDT,BTC/USDT,0.1517
2019-08-21T03:46:10.626Z,BTC,zb,XLM/BTC,XLM/USDT,BTC/USDT,0.1115
2019-08-21T03:46:10.627Z,BTC,zb,XEM/BTC,XEM/USDT,BTC/USDT,2.438
2019-08-21T03:46:16.346Z,BTC,kucoin,ZEC/BTC,ZEC/USDT,BTC/USDT,0.105
2019-08-21T03:46:27.732Z,BTC,zb,XEM/BTC,XEM/USDT,BTC/USDT,2.3219
2019-08-21T03:46:27.731Z,BTC,zb,XLM/BTC,XLM/USDT,BTC/USDT,0.1175
2019-08-21T03:46:29.643Z,BTC,kucoin,ZEC/BTC,ZEC/USDT,BTC/USDT,0.2249
2019-08-21T03:46:42.531Z,BTC,zb,XLM/BTC,XLM/USDT,BTC/USDT,0.0988
2019-08-21T03:46:42.533Z,BTC,zb,XEM/BTC,XEM/USDT,BTC/USDT,2.5602
2019-08-21T03:46:45.954Z,BTC,kucoin,ZEC/BTC,ZEC/USDT,BTC/USDT,0.104
2019-08-21T03:46:56.836Z,BTC,zb,XEM/BTC,XEM/USDT,BTC/USDT,2.5039
2019-08-21T03:47:01.544Z,BTC,kucoin,ZEC/BTC,ZEC/USDT,BTC/USDT,0.1079
2019-08-21T03:47:12.746Z,BTC,zb,XEM/BTC,XEM/USDT,BTC/USDT,2.2754
2019-08-21T03:47:16.989Z,BTC,kucoin,ZEC/BTC,ZEC/USDT,BTC/USDT,0.0894
2019-08-21T03:47:26.734Z,BTC,zb,XEM/BTC,XEM/USDT,BTC/USDT,2.2882
2019-08-21T03:47:29.327Z,BTC,kucoin,ZEC/BTC,ZEC/USDT,BTC/USDT,0.1303
2019-08-21T03:47:43.512Z,BTC,kucoin,ZEC/BTC,ZEC/USDT,BTC/USDT,0.1147
2019-08-21T03:47:44.223Z,BTC,zb,XEM/BTC,XEM/USDT,BTC/USDT,2.2684
2019-08-21T03:47:44.222Z,BTC,zb,XLM/BTC,XLM/USDT,BTC/USDT,0.0651
2019-08-21T03:47:57.113Z,BTC,zb,XEM/BTC,XEM/USDT,BTC/USDT,2.3466
2019-08-21T03:48:14.470Z,BTC,zb,XEM/BTC,XEM/USDT,BTC/USDT,2.3667
2019-08-21T03:48:27.804Z,BTC,zb,XEM/BTC,XEM/USDT,BTC/USDT,2.2681
2019-08-21T03:48:44.530Z,BTC,zb,XEM/BTC,XEM/USDT,BTC/USDT,2.1913
2019-08-21T03:48:57.278Z,BTC,zb,XEM/BTC,XEM/USDT,BTC/USDT,2.2276
2019-08-21T03:49:12.850Z,BTC,zb,XEM/BTC,XEM/USDT,BTC/USDT,1.7348
2019-08-21T03:49:26.388Z,BTC,zb,XEM/BTC,XEM/USDT,BTC/USDT,1.6687
2019-08-21T03:49:41.559Z,BTC,zb,XEM/BTC,XEM/USDT,BTC/USDT,1.6609
2019-08-21T03:49:57.526Z,BTC,zb,XEM/BTC,XEM/USDT,BTC/USDT,1.9154
2019-08-21T03:50:12.546Z,BTC,zb,XEM/BTC,XEM/USDT,BTC/USDT,1.7202
2019-08-21T03:50:28.494Z,BTC,zb,XEM/BTC,XEM/USDT,BTC/USDT,1.6818
2019-08-21T03:50:43.721Z,BTC,zb,XEM/BTC,XEM/USDT,BTC/USDT,1.6156
2019-08-21T03:50:52.331Z,BTC,zb,XEM/BTC,XEM/USDT,BTC/USDT,1.6031
2019-08-21T03:51:02.282Z,BTC,kucoin,ETH/BTC,MKR/ETH,MKR/BTC,0.6148
2019-08-21T03:51:02.702Z,ETH,kucoin,MKR/ETH,MKR/BTC,ETH/BTC,0.6148
2019-08-21T03:51:04.719Z,BTC,bitfinex,ETH/BTC,MKR/ETH,MKR/BTC,0.313
2019-08-21T03:51:04.802Z,ETH,bitfinex,MKR/ETH,MKR/BTC,ETH/BTC,0.313
2019-08-21T03:51:12.751Z,BTC,zb,XEM/BTC,XEM/USDT,BTC/USDT,1.5993
2019-08-21T03:51:27.727Z,BTC,zb,XEM/BTC,XEM/USDT,BTC/USDT,1.5843
2019-08-21T03:51:42.890Z,BTC,zb,XEM/BTC,XEM/USDT,BTC/USDT,1.6154
2019-08-21T03:51:58.245Z,BTC,zb,XEM/BTC,XEM/USDT,BTC/USDT,1.6634
2019-08-21T03:52:14.408Z,BTC,zb,XEM/BTC,XEM/USDT,BTC/USDT,1.6304
2019-08-21T03:52:16.146Z,BTC,coinex,BTC/USDT,USDC/USDT,BTC/USDC,99.2746
2019-08-21T03:52:16.150Z,BTC,coinex,BCH/BTC,BCH/USDC,BTC/USDC,98.5772
2019-08-21T03:52:29.303Z,BTC,zb,XEM/BTC,XEM/USDT,BTC/USDT,1.6308
2019-08-21T03:52:42.628Z,BTC,zb,XEM/BTC,XEM/USDT,BTC/USDT,1.6632
2019-08-21T03:52:58.325Z,BTC,zb,XEM/BTC,XEM/USDT,BTC/USDT,1.6709
2019-08-21T03:53:13.349Z,BTC,zb,XEM/BTC,XEM/USDT,BTC/USDT,1.6747
2019-08-21T03:53:30.485Z,BTC,zb,XEM/BTC,XEM/USDT,BTC/USDT,1.7463
2019-08-21T03:53:44.391Z,BTC,zb,XEM/BTC,XEM/USDT,BTC/USDT,1.7386
2019-08-21T03:53:58.577Z,BTC,zb,XEM/BTC,XEM/USDT,BTC/USDT,1.7512
2019-08-21T03:54:13.645Z,BTC,zb,XEM/BTC,XEM/USDT,BTC/USDT,1.7598
2019-08-21T03:54:28.879Z,BTC,zb,XEM/BTC,XEM/USDT,BTC/USDT,1.7543
2019-08-21T03:54:43.015Z,BTC,zb,XEM/BTC,XEM/USDT,BTC/USDT,1.7911
2019-08-21T03:54:58.791Z,BTC,zb,XEM/BTC,XEM/USDT,BTC/USDT,1.7118
2019-08-21T03:55:14.583Z,BTC,zb,XEM/BTC,XEM/USDT,BTC/USDT,1.7039
2019-08-21T03:55:29.980Z,BTC,zb,XEM/BTC,XEM/USDT,BTC/USDT,1.716
2019-08-21T03:55:44.841Z,BTC,zb,XEM/BTC,XEM/USDT,BTC/USDT,1.716
2019-08-21T03:55:53.938Z,BTC,zb,XEM/BTC,XEM/USDT,BTC/USDT,1.7364
2019-08-21T03:56:14.298Z,BTC,zb,XEM/BTC,XEM/USDT,BTC/USDT,1.7429
2019-08-21T03:56:31.203Z,BTC,zb,XEM/BTC,XEM/USDT,BTC/USDT,1.7172
2019-08-21T03:56:44.471Z,BTC,zb,XEM/BTC,XEM/USDT,BTC/USDT,1.6287
2019-08-21T03:56:59.227Z,BTC,zb,XEM/BTC,XEM/USDT,BTC/USDT,1.6145
2019-08-21T03:57:14.410Z,BTC,zb,XEM/BTC,XEM/USDT,BTC/USDT,1.6145
2019-08-21T03:57:29.271Z,BTC,zb,XEM/BTC,XEM/USDT,BTC/USDT,1.6129
2019-08-21T03:57:45.377Z,BTC,zb,XEM/BTC,XEM/USDT,BTC/USDT,1.9766
2019-08-21T03:58:00.588Z,BTC,zb,XEM/BTC,XEM/USDT,BTC/USDT,1.5118
2019-08-21T03:58:14.899Z,BTC,zb,XEM/BTC,XEM/USDT,BTC/USDT,1.5225
2019-08-21T03:58:29.602Z,BTC,zb,XEM/BTC,XEM/USDT,BTC/USDT,1.4737
2019-08-21T03:58:45.569Z,BTC,zb,XEM/BTC,XEM/USDT,BTC/USDT,1.4737
2019-08-21T03:58:54.385Z,BTC,zb,XEM/BTC,XEM/USDT,BTC/USDT,1.4737
2019-08-21T03:59:15.097Z,BTC,zb,XEM/BTC,XEM/USDT,BTC/USDT,1.5014
2019-08-21T03:59:29.712Z,BTC,zb,XEM/BTC,XEM/USDT,BTC/USDT,1.5852
2019-08-21T03:59:45.949Z,BTC,zb,XEM/BTC,XEM/USDT,BTC/USDT,1.5852
2019-08-21T04:00:00.998Z,BTC,zb,XEM/BTC,XEM/USDT,BTC/USDT,1.5968
2019-08-21T04:00:15.606Z,BTC,zb,XEM/BTC,XEM/USDT,BTC/USDT,1.6581
2019-08-21T04:00:47.478Z,BTC,zb,XEM/BTC,XEM/USDT,BTC/USDT,1.7234
2019-08-21T04:01:00.311Z,BTC,zb,XEM/BTC,XEM/USDT,BTC/USDT,1.7375
2019-08-21T04:01:13.636Z,BTC,zb,XEM/BTC,XEM/USDT,BTC/USDT,1.828
2019-08-21T04:01:31.542Z,BTC,zb,XEM/BTC,XEM/USDT,BTC/USDT,1.8999
2019-08-21T04:01:46.459Z,BTC,zb,XEM/BTC,XEM/USDT,BTC/USDT,1.8873
2019-08-21T04:02:02.949Z,BTC,zb,XEM/BTC,XEM/USDT,BTC/USDT,1.7375
2019-08-21T04:02:15.337Z,BTC,zb,XEM/BTC,XEM/USDT,BTC/USDT,1.6376
2019-08-21T04:02:30.698Z,BTC,zb,XEM/BTC,XEM/USDT,BTC/USDT,1.6732
2019-08-21T04:02:47.975Z,BTC,zb,XEM/BTC,XEM/USDT,BTC/USDT,1.5761
2019-08-21T04:03:01.018Z,BTC,zb,XEM/BTC,XEM/USDT,BTC/USDT,1.6556
2019-08-21T04:03:10.377Z,BTC,zb,XEM/BTC,XEM/USDT,BTC/USDT,1.6556
2019-08-21T04:03:30.838Z,BTC,zb,XEM/BTC,XEM/USDT,BTC/USDT,1.6219
2019-08-21T04:03:41.559Z,BTC,zb,XEM/BTC,XEM/USDT,BTC/USDT,1.6651
2019-08-21T04:04:01.643Z,BTC,zb,XEM/BTC,XEM/USDT,BTC/USDT,1.6833
2019-08-21T04:04:16.029Z,BTC,zb,XEM/BTC,XEM/USDT,BTC/USDT,2.3109
2019-08-21T04:04:31.099Z,BTC,zb,XEM/BTC,XEM/USDT,BTC/USDT,1.7386
2019-08-21T04:04:47.038Z,BTC,zb,XEM/BTC,XEM/USDT,BTC/USDT,1.7269
2019-08-21T04:05:01.254Z,BTC,zb,XEM/BTC,XEM/USDT,BTC/USDT,1.7653
2019-08-21T04:05:17.076Z,BTC,zb,XEM/BTC,XEM/USDT,BTC/USDT,1.7793
2019-08-21T04:05:31.334Z,BTC,zb,XEM/BTC,XEM/USDT,BTC/USDT,1.8398
2019-08-21T04:05:33.577Z,BTC,kucoin,ZEC/BTC,ZEC/USDT,BTC/USDT,0.0563
2019-08-21T04:05:47.340Z,BTC,zb,XEM/BTC,XEM/USDT,BTC/USDT,1.8717
2019-08-21T04:06:01.654Z,BTC,zb,XEM/BTC,XEM/USDT,BTC/USDT,1.8502
2019-08-21T04:06:16.528Z,BTC,zb,XEM/BTC,XEM/USDT,BTC/USDT,1.7636
2019-08-21T04:06:33.616Z,BTC,zb,XEM/BTC,XEM/USDT,BTC/USDT,2.3158
2019-08-21T04:06:45.733Z,BTC,zb,XEM/BTC,XEM/USDT,BTC/USDT,2.3066
2019-08-21T04:07:02.627Z,BTC,zb,XEM/BTC,XEM/USDT,BTC/USDT,1.4561
2019-08-21T04:07:16.658Z,BTC,zb,XEM/BTC,XEM/USDT,BTC/USDT,1.4092
2019-08-21T04:07:33.949Z,BTC,zb,XEM/BTC,XEM/USDT,BTC/USDT,1.4203
2019-08-21T04:07:34.015Z,BTC,gateio,XEM/BTC,XEM/USDT,BTC/USDT,1.4203
2019-08-21T04:07:47.868Z,BTC,zb,XEM/BTC,XEM/USDT,BTC/USDT,1.4332
2019-08-21T04:08:01.914Z,BTC,zb,XEM/BTC,XEM/USDT,BTC/USDT,1.3693
2019-08-21T04:08:16.924Z,BTC,zb,XEM/BTC,XEM/USDT,BTC/USDT,1.3857
2019-08-21T04:08:32.016Z,BTC,zb,XEM/BTC,XEM/USDT,BTC/USDT,1.4029
2019-08-21T04:08:47.889Z,BTC,zb,XEM/BTC,XEM/USDT,BTC/USDT,1.5464
2019-08-21T04:09:02.178Z,BTC,zb,XEM/BTC,XEM/USDT,BTC/USDT,1.6386
2019-08-21T04:09:18.091Z,BTC,zb,XEM/BTC,XEM/USDT,BTC/USDT,1.6309
2019-08-21T04:09:32.196Z,BTC,zb,XEM/BTC,XEM/USDT,BTC/USDT,1.5654
2019-08-21T04:09:48.128Z,BTC,zb,XEM/BTC,XEM/USDT,BTC/USDT,1.557
2019-08-21T04:10:02.289Z,BTC,zb,XEM/BTC,XEM/USDT,BTC/USDT,1.5238
2019-08-21T04:10:18.272Z,BTC,zb,XEM/BTC,XEM/USDT,BTC/USDT,1.5238
2019-08-21T04:10:33.706Z,BTC,zb,XEM/BTC,XEM/USDT,BTC/USDT,1.5463
2019-08-21T04:10:48.653Z,BTC,zb,XEM/BTC,XEM/USDT,BTC/USDT,1.6411
2019-08-21T04:11:02.689Z,BTC,zb,XEM/BTC,XEM/USDT,BTC/USDT,1.6503
2019-08-21T04:11:18.951Z,BTC,zb,XEM/BTC,XEM/USDT,BTC/USDT,1.6151
2019-08-21T04:11:32.697Z,BTC,zb,XEM/BTC,XEM/USDT,BTC/USDT,1.6243
2019-08-21T04:11:48.907Z,BTC,zb,XEM/BTC,XEM/USDT,BTC/USDT,1.6409
2019-08-21T04:12:03.049Z,BTC,zb,XEM/BTC,XEM/USDT,BTC/USDT,1.5883
2019-08-21T04:12:17.936Z,BTC,zb,XEM/BTC,XEM/USDT,BTC/USDT,1.6293
2019-08-21T04:12:33.974Z,BTC,zb,XEM/BTC,XEM/USDT,BTC/USDT,1.6367
2019-08-21T04:13:03.127Z,BTC,zb,XEM/BTC,XEM/USDT,BTC/USDT,1.627
2019-08-21T04:13:18.033Z,BTC,zb,XEM/BTC,XEM/USDT,BTC/USDT,1.6381
2019-08-21T04:13:32.254Z,BTC,zb,XEM/BTC,XEM/USDT,BTC/USDT,1.6436
2019-08-21T04:13:49.117Z,BTC,zb,XEM/BTC,XEM/USDT,BTC/USDT,1.6436
2019-08-21T04:14:03.202Z,BTC,zb,XEM/BTC,XEM/USDT,BTC/USDT,1.683
2019-08-21T04:14:34.348Z,BTC,zb,XEM/BTC,XEM/USDT,BTC/USDT,1.6377
2019-08-21T04:14:50.712Z,BTC,zb,XEM/BTC,XEM/USDT,BTC/USDT,2.0882
2019-08-21T04:15:04.520Z,BTC,zb,XEM/BTC,XEM/USDT,BTC/USDT,2.0502
2019-08-21T04:15:18.389Z,BTC,zb,XEM/BTC,XEM/USDT,BTC/USDT,1.6809
2019-08-21T04:15:33.571Z,BTC,zb,XEM/BTC,XEM/USDT,BTC/USDT,1.6809
2019-08-21T04:15:49.696Z,BTC,zb,XEM/BTC,XEM/USDT,BTC/USDT,1.785
2019-08-21T04:16:03.785Z,BTC,zb,XEM/BTC,XEM/USDT,BTC/USDT,1.8
2019-08-21T04:16:18.826Z,BTC,zb,XEM/BTC,XEM/USDT,BTC/USDT,1.815
2019-08-21T04:16:34.077Z,BTC,zb,XEM/BTC,XEM/USDT,BTC/USDT,1.8548
2019-08-21T04:16:48.223Z,BTC,zb,XEM/BTC,XEM/USDT,BTC/USDT,2.0127
2019-08-21T04:17:05.092Z,BTC,zb,XEM/BTC,XEM/USDT,BTC/USDT,2.0229
2019-08-21T04:17:11.620Z,BTC,poloniex,BTC/USDC,ETC/USDC,ETC/BTC,0.8224
2019-08-21T04:17:19.103Z,BTC,zb,XEM/BTC,XEM/USDT,BTC/USDT,1.9281
2019-08-21T04:17:34.023Z,BTC,zb,XEM/BTC,XEM/USDT,BTC/USDT,1.9874
2019-08-21T04:17:45.560Z,BTC,zb,XEM/BTC,XEM/USDT,BTC/USDT,2.0201
2019-08-21T04:18:04.327Z,BTC,zb,XEM/BTC,XEM/USDT,BTC/USDT,2.0269
2019-08-21T04:18:19.246Z,BTC,zb,XEM/BTC,XEM/USDT,BTC/USDT,1.9703
2019-08-21T04:18:34.406Z,BTC,zb,XEM/BTC,XEM/USDT,BTC/USDT,1.7163
2019-08-21T04:18:50.858Z,BTC,kucoin,ADA/BTC,ADA/USDT,BTC/USDT,0.1256
2019-08-21T04:18:51.529Z,BTC,zb,XEM/BTC,XEM/USDT,BTC/USDT,1.6808
2019-08-21T04:19:04.509Z,BTC,zb,XEM/BTC,XEM/USDT,BTC/USDT,1.711
2019-08-21T04:19:06.343Z,BTC,kucoin,ADA/BTC,ADA/USDT,BTC/USDT,0.1461
2019-08-21T04:19:19.332Z,BTC,zb,XEM/BTC,XEM/USDT,BTC/USDT,1.82
2019-08-21T04:19:34.339Z,BTC,zb,XEM/BTC,XEM/USDT,BTC/USDT,1.8117
2019-08-21T04:19:50.557Z,BTC,zb,XEM/BTC,XEM/USDT,BTC/USDT,1.8198
2019-08-21T04:20:20.662Z,BTC,zb,XEM/BTC,XEM/USDT,BTC/USDT,1.865
2019-08-21T04:20:32.628Z,ETH,hitbtc,ADA/ETH,ADA/USDT,ETH/USDT,0.1647
2019-08-21T04:20:35.774Z,BTC,zb,XEM/BTC,XEM/USDT,BTC/USDT,1.8237
2019-08-21T04:20:38.934Z,BTC,kucoin,ZEC/BTC,ZEC/USDT,BTC/USDT,0.1122
2019-08-21T04:20:50.894Z,BTC,zb,XEM/BTC,XEM/USDT,BTC/USDT,2.0122
2019-08-21T04:21:05.164Z,BTC,zb,XEM/BTC,XEM/USDT,BTC/USDT,2.203
2019-08-21T04:21:20.703Z,BTC,zb,XEM/BTC,XEM/USDT,BTC/USDT,2.1986
2019-08-21T04:21:34.945Z,BTC,zb,XEM/BTC,XEM/USDT,BTC/USDT,2.1345
2019-08-21T04:21:44.641Z,BTC,zb,XEM/BTC,XEM/USDT,BTC/USDT,2.0961
2019-08-21T04:21:54.942Z,BTC,kucoin,ADA/BTC,ADA/USDT,BTC/USDT,0.1257
2019-08-21T04:22:06.210Z,BTC,zb,XLM/BTC,XLM/USDT,BTC/USDT,0.1866
2019-08-21T04:22:06.211Z,BTC,zb,XEM/BTC,XEM/USDT,BTC/USDT,2.1102
2019-08-21T04:22:07.791Z,BTC,kucoin,ADA/BTC,ADA/USDT,BTC/USDT,0.1444
2019-08-21T04:22:20.354Z,BTC,zb,XEM/BTC,XEM/USDT,BTC/USDT,2.0705
2019-08-21T04:22:20.353Z,BTC,zb,XLM/BTC,XLM/USDT,BTC/USDT,0.1665
2019-08-21T04:22:22.698Z,BTC,kucoin,ADA/BTC,ADA/USDT,BTC/USDT,0.1104
2019-08-21T04:22:35.935Z,BTC,zb,XLM/BTC,XLM/USDT,BTC/USDT,0.0542
2019-08-21T04:22:35.936Z,BTC,zb,XEM/BTC,XEM/USDT,BTC/USDT,2.2937
2019-08-21T04:22:51.106Z,BTC,zb,XEM/BTC,XEM/USDT,BTC/USDT,2.4685
2019-08-21T04:23:05.656Z,BTC,zb,XEM/BTC,XEM/USDT,BTC/USDT,2.2203
2019-08-21T04:23:16.259Z,BTC,zb,XEM/BTC,XEM/USDT,BTC/USDT,2.3777
2019-08-21T04:23:35.316Z,BTC,zb,XEM/BTC,XEM/USDT,BTC/USDT,2.2575
2019-08-21T04:23:51.386Z,BTC,zb,XEM/BTC,XEM/USDT,BTC/USDT,2.0935
2019-08-21T04:24:05.599Z,BTC,zb,XEM/BTC,XEM/USDT,BTC/USDT,1.8506
2019-08-21T04:24:51.425Z,BTC,zb,XEM/BTC,XEM/USDT,BTC/USDT,1.959
2019-08-21T04:25:06.976Z,BTC,zb,XEM/BTC,XEM/USDT,BTC/USDT,2.1093
2019-08-21T04:25:21.052Z,BTC,zb,XEM/BTC,XEM/USDT,BTC/USDT,2.1149
2019-08-21T04:25:35.733Z,BTC,zb,XEM/BTC,XEM/USDT,BTC/USDT,2.1252
2019-08-21T04:25:51.699Z,BTC,zb,XEM/BTC,XEM/USDT,BTC/USDT,2.065
2019-08-21T04:26:06.134Z,BTC,zb,XEM/BTC,XEM/USDT,BTC/USDT,2.1678
2019-08-21T04:26:19.363Z,BTC,zb,XEM/BTC,XEM/USDT,BTC/USDT,2.0618
2019-08-21T04:26:36.229Z,BTC,zb,XEM/BTC,XEM/USDT,BTC/USDT,2.1415
2019-08-21T04:26:53.364Z,BTC,zb,XEM/BTC,XEM/USDT,BTC/USDT,1.8831
2019-08-21T04:27:06.276Z,BTC,zb,XEM/BTC,XEM/USDT,BTC/USDT,1.8111
2019-08-21T04:27:21.180Z,BTC,zb,XEM/BTC,XEM/USDT,BTC/USDT,1.8673
2019-08-21T04:27:36.767Z,BTC,zb,XEM/BTC,XEM/USDT,BTC/USDT,1.7886
2019-08-21T04:27:53.373Z,BTC,zb,XEM/BTC,XEM/USDT,BTC/USDT,1.7886
2019-08-21T04:28:06.743Z,BTC,zb,XEM/BTC,XEM/USDT,BTC/USDT,1.7976
2019-08-21T04:28:22.393Z,BTC,zb,XEM/BTC,XEM/USDT,BTC/USDT,1.7981
2019-08-21T04:28:37.684Z,BTC,zb,XEM/BTC,XEM/USDT,BTC/USDT,1.9003
2019-08-21T04:28:52.459Z,BTC,zb,XEM/BTC,XEM/USDT,BTC/USDT,1.9003
2019-08-21T04:29:08.256Z,BTC,zb,XEM/BTC,XEM/USDT,BTC/USDT,1.8839
2019-08-21T04:29:21.597Z,BTC,zb,XEM/BTC,XEM/USDT,BTC/USDT,1.8839
2019-08-21T04:29:37.979Z,BTC,zb,XEM/BTC,XEM/USDT,BTC/USDT,1.8132
2019-08-21T04:29:52.825Z,BTC,zb,XEM/BTC,XEM/USDT,BTC/USDT,1.8146
2019-08-21T04:30:06.946Z,BTC,zb,XEM/BTC,XEM/USDT,BTC/USDT,1.8045
2019-08-21T04:30:22.048Z,BTC,zb,XEM/BTC,XEM/USDT,BTC/USDT,1.8165
2019-08-21T04:30:37.307Z,BTC,zb,XEM/BTC,XEM/USDT,BTC/USDT,1.7391
2019-08-21T04:30:52.979Z,BTC,zb,XEM/BTC,XEM/USDT,BTC/USDT,1.7479
2019-08-21T04:31:06.181Z,BTC,zb,XEM/BTC,XEM/USDT,BTC/USDT,1.7267
2019-08-21T04:31:37.478Z,BTC,zb,XEM/BTC,XEM/USDT,BTC/USDT,1.7317
2019-08-21T04:31:54.334Z,BTC,zb,XEM/BTC,XEM/USDT,BTC/USDT,1.7242
2019-08-21T04:32:07.574Z,BTC,zb,XEM/BTC,XEM/USDT,BTC/USDT,1.828
2019-08-21T04:32:22.429Z,BTC,zb,XEM/BTC,XEM/USDT,BTC/USDT,1.8788
2019-08-21T04:32:38.042Z,BTC,zb,XEM/BTC,XEM/USDT,BTC/USDT,1.8539
2019-08-21T04:32:53.352Z,BTC,zb,XEM/BTC,XEM/USDT,BTC/USDT,1.8106
2019-08-21T04:33:07.782Z,BTC,zb,XEM/BTC,XEM/USDT,BTC/USDT,1.8414
2019-08-21T04:33:23.624Z,BTC,zb,XEM/BTC,XEM/USDT,BTC/USDT,1.8314
2019-08-21T04:33:37.667Z,BTC,zb,XEM/BTC,XEM/USDT,BTC/USDT,1.8664
2019-08-21T04:33:51.737Z,BTC,zb,XEM/BTC,XEM/USDT,BTC/USDT,1.8763
2019-08-21T04:34:07.892Z,BTC,zb,XEM/BTC,XEM/USDT,BTC/USDT,1.8364
2019-08-21T04:34:22.210Z,BTC,zb,XEM/BTC,XEM/USDT,BTC/USDT,1.7493
2019-08-21T04:34:39.002Z,BTC,zb,XEM/BTC,XEM/USDT,BTC/USDT,1.7493
2019-08-21T04:34:55.802Z,BTC,coinex,BTC/USDT,USDC/USDT,BTC/USDC,97.4144
2019-08-21T04:34:55.805Z,BTC,coinex,BCH/BTC,BCH/USDC,BTC/USDC,97.3183
2019-08-21T04:35:08.036Z,BTC,zb,XEM/BTC,XEM/USDT,BTC/USDT,1.7251
2019-08-21T04:35:21.448Z,BTC,zb,XEM/BTC,XEM/USDT,BTC/USDT,1.5574
2019-08-21T04:35:38.319Z,BTC,zb,XEM/BTC,XEM/USDT,BTC/USDT,1.6156
2019-08-21T04:35:52.454Z,BTC,zb,XEM/BTC,XEM/USDT,BTC/USDT,1.6156
2019-08-21T04:36:08.612Z,BTC,zb,XEM/BTC,XEM/USDT,BTC/USDT,1.5729
2019-08-21T04:36:23.392Z,BTC,zb,XEM/BTC,XEM/USDT,BTC/USDT,1.5702
2019-08-21T04:36:38.457Z,BTC,zb,XEM/BTC,XEM/USDT,BTC/USDT,1.6067
2019-08-21T04:36:53.615Z,BTC,zb,XEM/BTC,XEM/USDT,BTC/USDT,1.6364
2019-08-21T04:37:04.668Z,BTC,zb,XEM/BTC,XEM/USDT,BTC/USDT,1.6594
2019-08-21T04:37:23.517Z,BTC,zb,XEM/BTC,XEM/USDT,BTC/USDT,1.574
2019-08-21T04:37:38.431Z,BTC,zb,XEM/BTC,XEM/USDT,BTC/USDT,1.5796
2019-08-21T04:37:54.731Z,BTC,zb,XEM/BTC,XEM/USDT,BTC/USDT,1.6202
2019-08-21T04:38:09.068Z,BTC,zb,XEM/BTC,XEM/USDT,BTC/USDT,1.5796
2019-08-21T04:38:24.426Z,BTC,zb,XEM/BTC,XEM/USDT,BTC/USDT,1.5854
2019-08-21T04:38:39.936Z,BTC,zb,XEM/BTC,XEM/USDT,BTC/USDT,1.5454
2019-08-21T04:38:54.840Z,BTC,zb,XEM/BTC,XEM/USDT,BTC/USDT,1.5207
2019-08-21T04:39:10.167Z,BTC,zb,XEM/BTC,XEM/USDT,BTC/USDT,1.4909
2019-08-21T04:39:24.951Z,BTC,zb,XEM/BTC,XEM/USDT,BTC/USDT,1.5067
2019-08-21T04:43:00.145Z,ETH,gateio,ETH/USDT,ETC/USDT,ETC/ETH,0.2222
2019-08-21T05:01:44.833Z,BTC,zb,XLM/BTC,XLM/USDT,BTC/USDT,0.0532
2019-08-21T05:33:55.911Z,BTC,kucoin,ETH/BTC,MKR/ETH,MKR/BTC,0.2696
2019-08-21T05:33:56.334Z,ETH,kucoin,MKR/ETH,MKR/BTC,ETH/BTC,0.2696
2019-08-21T05:34:10.458Z,BTC,kucoin,ETH/BTC,MKR/ETH,MKR/BTC,0.2479
2019-08-21T05:34:10.880Z,ETH,kucoin,MKR/ETH,MKR/BTC,ETH/BTC,0.2479
2019-08-21T05:37:18.255Z,BTC,hitbtc,ATOM/BTC,ATOM/USDT,BTC/USDT,1.3276
2019-08-21T05:37:20.442Z,ETH,hitbtc,ATOM/ETH,ATOM/USDT,ETH/USDT,0.8967
2019-08-21T05:49:57.198Z,BTC,kucoin,ETH/BTC,MKR/ETH,MKR/BTC,0.4603
2019-08-21T05:49:57.628Z,ETH,kucoin,MKR/ETH,MKR/BTC,ETH/BTC,0.4603
2019-08-21T05:50:12.715Z,BTC,kucoin,ETH/BTC,MKR/ETH,MKR/BTC,0.4385
2019-08-21T05:50:13.134Z,ETH,kucoin,MKR/ETH,MKR/BTC,ETH/BTC,0.4385
2019-08-21T05:50:27.114Z,BTC,kucoin,ETH/BTC,MKR/ETH,MKR/BTC,0.4385
2019-08-21T05:50:27.538Z,ETH,kucoin,MKR/ETH,MKR/BTC,ETH/BTC,0.4385
2019-08-21T05:50:45.138Z,BTC,kucoin,ETH/BTC,MKR/ETH,MKR/BTC,0.4331
2019-08-21T05:50:45.559Z,ETH,kucoin,MKR/ETH,MKR/BTC,ETH/BTC,0.4331
2019-08-21T05:50:57.729Z,BTC,kucoin,ETH/BTC,MKR/ETH,MKR/BTC,0.4331
2019-08-21T05:50:58.155Z,ETH,kucoin,MKR/ETH,MKR/BTC,ETH/BTC,0.4331
2019-08-21T05:51:15.779Z,BTC,kucoin,ETH/BTC,MKR/ETH,MKR/BTC,0.4331
2019-08-21T05:51:16.210Z,ETH,kucoin,MKR/ETH,MKR/BTC,ETH/BTC,0.4331
2019-08-21T05:51:17.620Z,BTC,bitfinex,ETH/BTC,MKR/ETH,MKR/BTC,0.1318
2019-08-21T05:51:17.702Z,ETH,bitfinex,MKR/ETH,MKR/BTC,ETH/BTC,0.1318
2019-08-21T05:51:28.683Z,BTC,kucoin,ETH/BTC,MKR/ETH,MKR/BTC,0.444
2019-08-21T05:51:29.103Z,ETH,kucoin,MKR/ETH,MKR/BTC,ETH/BTC,0.444
2019-08-21T05:51:42.867Z,BTC,kucoin,ETH/BTC,MKR/ETH,MKR/BTC,0.444
2019-08-21T05:51:43.292Z,ETH,kucoin,MKR/ETH,MKR/BTC,ETH/BTC,0.444
2019-08-21T05:52:00.015Z,BTC,kucoin,ETH/BTC,MKR/ETH,MKR/BTC,0.4059
2019-08-21T05:52:00.447Z,ETH,kucoin,MKR/ETH,MKR/BTC,ETH/BTC,0.4059
2019-08-21T05:52:15.559Z,BTC,kucoin,ETH/BTC,MKR/ETH,MKR/BTC,0.4168
2019-08-21T05:52:15.988Z,ETH,kucoin,MKR/ETH,MKR/BTC,ETH/BTC,0.4168
2019-08-21T05:52:28.374Z,BTC,kucoin,ETH/BTC,MKR/ETH,MKR/BTC,0.4222
2019-08-21T05:52:28.795Z,ETH,kucoin,MKR/ETH,MKR/BTC,ETH/BTC,0.4222
2019-08-21T05:52:43.572Z,BTC,kucoin,ETH/BTC,MKR/ETH,MKR/BTC,0.3515
2019-08-21T05:52:44.000Z,ETH,kucoin,MKR/ETH,MKR/BTC,ETH/BTC,0.3515
2019-08-21T05:52:57.170Z,BTC,kucoin,ETH/BTC,MKR/ETH,MKR/BTC,0.3352
2019-08-21T05:52:57.608Z,ETH,kucoin,MKR/ETH,MKR/BTC,ETH/BTC,0.3352
2019-08-21T05:53:16.018Z,BTC,kucoin,ETH/BTC,MKR/ETH,MKR/BTC,0.3841
2019-08-21T05:53:16.448Z,ETH,kucoin,MKR/ETH,MKR/BTC,ETH/BTC,0.3841
2019-08-21T05:53:18.088Z,BTC,bitfinex,ETH/BTC,MKR/ETH,MKR/BTC,0.083
2019-08-21T05:53:18.167Z,ETH,bitfinex,MKR/ETH,MKR/BTC,ETH/BTC,0.083
2019-08-21T05:53:31.236Z,BTC,kucoin,ETH/BTC,MKR/ETH,MKR/BTC,0.3407
2019-08-21T05:53:31.655Z,ETH,kucoin,MKR/ETH,MKR/BTC,ETH/BTC,0.3407
2019-08-21T05:53:45.591Z,BTC,kucoin,ETH/BTC,MKR/ETH,MKR/BTC,0.3461
2019-08-21T05:53:46.013Z,ETH,kucoin,MKR/ETH,MKR/BTC,ETH/BTC,0.3461
2019-08-21T05:53:58.344Z,BTC,kucoin,ETH/BTC,MKR/ETH,MKR/BTC,0.3461
2019-08-21T05:53:58.775Z,ETH,kucoin,MKR/ETH,MKR/BTC,ETH/BTC,0.3461
2019-08-21T05:54:13.818Z,BTC,kucoin,ETH/BTC,MKR/ETH,MKR/BTC,0.3461
2019-08-21T05:54:14.242Z,ETH,kucoin,MKR/ETH,MKR/BTC,ETH/BTC,0.3461
2019-08-21T05:54:28.523Z,BTC,kucoin,ETH/BTC,MKR/ETH,MKR/BTC,0.357
2019-08-21T05:54:28.942Z,ETH,kucoin,MKR/ETH,MKR/BTC,ETH/BTC,0.357
2019-08-21T05:54:45.467Z,BTC,kucoin,ETH/BTC,MKR/ETH,MKR/BTC,0.357
2019-08-21T05:54:45.906Z,ETH,kucoin,MKR/ETH,MKR/BTC,ETH/BTC,0.357
2019-08-21T05:55:01.538Z,BTC,kucoin,ETH/BTC,MKR/ETH,MKR/BTC,0.3624
2019-08-21T05:55:01.959Z,ETH,kucoin,MKR/ETH,MKR/BTC,ETH/BTC,0.3624
2019-08-21T05:55:16.380Z,BTC,kucoin,ETH/BTC,MKR/ETH,MKR/BTC,0.3461
2019-08-21T05:55:16.812Z,ETH,kucoin,MKR/ETH,MKR/BTC,ETH/BTC,0.3461
2019-08-21T05:55:31.691Z,BTC,kucoin,ETH/BTC,MKR/ETH,MKR/BTC,0.1226
2019-08-21T05:55:32.116Z,ETH,kucoin,MKR/ETH,MKR/BTC,ETH/BTC,0.1226
2019-08-21T05:55:43.919Z,BTC,kucoin,ETH/BTC,MKR/ETH,MKR/BTC,0.1171
2019-08-21T05:55:44.343Z,ETH,kucoin,MKR/ETH,MKR/BTC,ETH/BTC,0.1171
2019-08-21T05:56:02.134Z,ETH,kucoin,MKR/ETH,MKR/BTC,ETH/BTC,0.1171
2019-08-21T05:56:01.713Z,BTC,kucoin,ETH/BTC,MKR/ETH,MKR/BTC,0.1171
2019-08-21T05:56:14.175Z,BTC,kucoin,ETH/BTC,MKR/ETH,MKR/BTC,0.1226
2019-08-21T05:56:14.595Z,ETH,kucoin,MKR/ETH,MKR/BTC,ETH/BTC,0.1226
2019-08-21T05:56:28.913Z,BTC,kucoin,ETH/BTC,MKR/ETH,MKR/BTC,0.1171
2019-08-21T05:56:29.333Z,ETH,kucoin,MKR/ETH,MKR/BTC,ETH/BTC,0.1171
2019-08-21T05:56:44.473Z,BTC,kucoin,ETH/BTC,MKR/ETH,MKR/BTC,0.1226
2019-08-21T05:56:44.895Z,ETH,kucoin,MKR/ETH,MKR/BTC,ETH/BTC,0.1226
2019-08-21T05:56:59.387Z,BTC,kucoin,ETH/BTC,MKR/ETH,MKR/BTC,0.1171
2019-08-21T05:56:59.810Z,ETH,kucoin,MKR/ETH,MKR/BTC,ETH/BTC,0.1171
2019-08-21T05:57:12.545Z,BTC,kucoin,ETH/BTC,MKR/ETH,MKR/BTC,0.1226
2019-08-21T05:57:12.967Z,ETH,kucoin,MKR/ETH,MKR/BTC,ETH/BTC,0.1226
2019-08-21T05:57:28.048Z,BTC,coinex,ATOM/BTC,ATOM/USDT,BTC/USDT,0.0594
2019-08-21T05:57:32.399Z,ETH,kucoin,MKR/ETH,MKR/BTC,ETH/BTC,0.1171
2019-08-21T05:57:31.980Z,BTC,kucoin,ETH/BTC,MKR/ETH,MKR/BTC,0.1171
2019-08-21T05:57:44.560Z,BTC,kucoin,ETH/BTC,MKR/ETH,MKR/BTC,0.1063
2019-08-21T05:57:44.985Z,ETH,kucoin,MKR/ETH,MKR/BTC,ETH/BTC,0.1063
2019-08-21T05:58:01.085Z,BTC,okex,ETH/BTC,MKR/ETH,MKR/BTC,0.168
2019-08-21T05:58:01.253Z,ETH,okex,MKR/ETH,MKR/BTC,ETH/BTC,0.168
2019-08-21T05:58:02.436Z,BTC,kucoin,ETH/BTC,MKR/ETH,MKR/BTC,0.1009
2019-08-21T05:58:02.857Z,ETH,kucoin,MKR/ETH,MKR/BTC,ETH/BTC,0.1009
2019-08-21T05:58:14.303Z,BTC,kucoin,ETH/BTC,MKR/ETH,MKR/BTC,0.0846
2019-08-21T05:58:14.724Z,ETH,kucoin,MKR/ETH,MKR/BTC,ETH/BTC,0.0846
2019-08-21T05:58:31.929Z,BTC,kucoin,ETH/BTC,MKR/ETH,MKR/BTC,0.0846
2019-08-21T05:58:32.349Z,ETH,kucoin,MKR/ETH,MKR/BTC,ETH/BTC,0.0846
2019-08-21T05:58:45.572Z,BTC,kucoin,ETH/BTC,MKR/ETH,MKR/BTC,0.063
2019-08-21T05:58:45.994Z,ETH,kucoin,MKR/ETH,MKR/BTC,ETH/BTC,0.063
2019-08-21T05:58:59.511Z,BTC,kucoin,ETH/BTC,MKR/ETH,MKR/BTC,0.063
2019-08-21T05:58:59.938Z,ETH,kucoin,MKR/ETH,MKR/BTC,ETH/BTC,0.063
2019-08-21T06:01:00.359Z,BTC,kucoin,ETH/BTC,MKR/ETH,MKR/BTC,0.0576
2019-08-21T06:01:00.779Z,ETH,kucoin,MKR/ETH,MKR/BTC,ETH/BTC,0.0576
2019-08-21T06:01:16.435Z,BTC,kucoin,ETH/BTC,MKR/ETH,MKR/BTC,0.0521
2019-08-21T06:01:16.871Z,ETH,kucoin,MKR/ETH,MKR/BTC,ETH/BTC,0.0521
2019-08-21T06:01:28.242Z,ETH,kucoin,MKR/ETH,MKR/BTC,ETH/BTC,0.0521
2019-08-21T06:01:27.817Z,BTC,kucoin,ETH/BTC,MKR/ETH,MKR/BTC,0.0521
2019-08-21T06:01:47.845Z,BTC,kucoin,ETH/BTC,MKR/ETH,MKR/BTC,0.063
2019-08-21T06:01:48.265Z,ETH,kucoin,MKR/ETH,MKR/BTC,ETH/BTC,0.063
2019-08-21T06:02:02.648Z,BTC,kucoin,ETH/BTC,MKR/ETH,MKR/BTC,0.063
2019-08-21T06:02:03.071Z,ETH,kucoin,MKR/ETH,MKR/BTC,ETH/BTC,0.063
2019-08-21T06:02:17.223Z,BTC,kucoin,ETH/BTC,MKR/ETH,MKR/BTC,0.0846
2019-08-21T06:02:17.648Z,ETH,kucoin,MKR/ETH,MKR/BTC,ETH/BTC,0.0846
2019-08-21T06:02:32.908Z,BTC,kucoin,ETH/BTC,MKR/ETH,MKR/BTC,0.1063
2019-08-21T06:02:33.330Z,ETH,kucoin,MKR/ETH,MKR/BTC,ETH/BTC,0.1063
2019-08-21T06:02:45.085Z,BTC,kucoin,ETH/BTC,MKR/ETH,MKR/BTC,0.09
2019-08-21T06:02:45.511Z,ETH,kucoin,MKR/ETH,MKR/BTC,ETH/BTC,0.09
2019-08-21T06:03:01.207Z,BTC,kucoin,ETH/BTC,MKR/ETH,MKR/BTC,0.0738
2019-08-21T06:03:01.636Z,ETH,kucoin,MKR/ETH,MKR/BTC,ETH/BTC,0.0738
2019-08-21T06:03:17.989Z,BTC,kucoin,ETH/BTC,MKR/ETH,MKR/BTC,0.1063
2019-08-21T06:03:18.420Z,ETH,kucoin,MKR/ETH,MKR/BTC,ETH/BTC,0.1063
2019-08-21T06:03:30.538Z,BTC,kucoin,ETH/BTC,MKR/ETH,MKR/BTC,0.1605
2019-08-21T06:03:30.964Z,ETH,kucoin,MKR/ETH,MKR/BTC,ETH/BTC,0.1605
2019-08-21T06:04:01.304Z,BTC,kucoin,ETH/BTC,MKR/ETH,MKR/BTC,0.0609
2019-08-21T06:04:01.727Z,ETH,kucoin,MKR/ETH,MKR/BTC,ETH/BTC,0.0609
2019-08-21T06:08:44.839Z,BTC,coinex,BCH/BTC,BSV/BCH,BSV/BTC,0.072
2019-08-21T06:10:02.553Z,BTC,kucoin,ETH/BTC,MKR/ETH,MKR/BTC,0.0669
2019-08-21T06:10:02.974Z,ETH,kucoin,MKR/ETH,MKR/BTC,ETH/BTC,0.0669
2019-08-21T06:10:16.697Z,BTC,kucoin,ETH/BTC,MKR/ETH,MKR/BTC,0.1267
2019-08-21T06:10:17.121Z,ETH,kucoin,MKR/ETH,MKR/BTC,ETH/BTC,0.1267
2019-08-21T06:10:34.087Z,BTC,kucoin,ETH/BTC,MKR/ETH,MKR/BTC,0.1267
2019-08-21T06:10:34.512Z,ETH,kucoin,MKR/ETH,MKR/BTC,ETH/BTC,0.1267
2019-08-21T06:10:49.915Z,BTC,kucoin,ETH/BTC,MKR/ETH,MKR/BTC,0.1812
2019-08-21T06:10:50.337Z,ETH,kucoin,MKR/ETH,MKR/BTC,ETH/BTC,0.1812
2019-08-21T06:11:04.450Z,BTC,kucoin,ETH/BTC,MKR/ETH,MKR/BTC,0.1757
2019-08-21T06:11:04.871Z,ETH,kucoin,MKR/ETH,MKR/BTC,ETH/BTC,0.1757
2019-08-21T06:11:19.475Z,ETH,kucoin,MKR/ETH,MKR/BTC,ETH/BTC,0.1703
2019-08-21T06:11:19.035Z,BTC,kucoin,ETH/BTC,MKR/ETH,MKR/BTC,0.1703
2019-08-21T06:11:34.726Z,BTC,kucoin,ETH/BTC,MKR/ETH,MKR/BTC,0.1757
2019-08-21T06:11:35.148Z,ETH,kucoin,MKR/ETH,MKR/BTC,ETH/BTC,0.1757
2019-08-21T06:11:48.580Z,BTC,kucoin,ETH/BTC,MKR/ETH,MKR/BTC,0.1975
2019-08-21T06:11:49.000Z,ETH,kucoin,MKR/ETH,MKR/BTC,ETH/BTC,0.1975
2019-08-21T06:12:02.830Z,BTC,kucoin,ETH/BTC,MKR/ETH,MKR/BTC,0.2303
2019-08-21T06:12:03.251Z,ETH,kucoin,MKR/ETH,MKR/BTC,ETH/BTC,0.2303
2019-08-21T06:12:19.154Z,BTC,kucoin,ETH/BTC,MKR/ETH,MKR/BTC,0.2303
2019-08-21T06:12:19.592Z,ETH,kucoin,MKR/ETH,MKR/BTC,ETH/BTC,0.2303
2019-08-21T06:12:34.615Z,BTC,kucoin,ETH/BTC,MKR/ETH,MKR/BTC,0.1866
2019-08-21T06:12:35.035Z,ETH,kucoin,MKR/ETH,MKR/BTC,ETH/BTC,0.1866
2019-08-21T06:12:50.380Z,BTC,kucoin,ETH/BTC,MKR/ETH,MKR/BTC,0.1757
2019-08-21T06:12:50.800Z,ETH,kucoin,MKR/ETH,MKR/BTC,ETH/BTC,0.1757
2019-08-21T06:13:03.402Z,BTC,kucoin,ETH/BTC,MKR/ETH,MKR/BTC,0.1757
2019-08-21T06:13:03.826Z,ETH,kucoin,MKR/ETH,MKR/BTC,ETH/BTC,0.1757
2019-08-21T06:13:20.484Z,BTC,kucoin,ETH/BTC,MKR/ETH,MKR/BTC,0.2139
2019-08-21T06:13:20.908Z,ETH,kucoin,MKR/ETH,MKR/BTC,ETH/BTC,0.2139
2019-08-21T06:13:35.541Z,BTC,kucoin,ETH/BTC,MKR/ETH,MKR/BTC,0.2248
2019-08-21T06:13:35.963Z,ETH,kucoin,MKR/ETH,MKR/BTC,ETH/BTC,0.2248
2019-08-21T06:13:50.521Z,BTC,kucoin,ETH/BTC,MKR/ETH,MKR/BTC,0.1812
2019-08-21T06:13:50.943Z,ETH,kucoin,MKR/ETH,MKR/BTC,ETH/BTC,0.1812
2019-08-21T06:14:01.893Z,BTC,kucoin,ETH/BTC,MKR/ETH,MKR/BTC,0.1757
2019-08-21T06:14:02.316Z,ETH,kucoin,MKR/ETH,MKR/BTC,ETH/BTC,0.1757
2019-08-21T06:14:20.017Z,BTC,kucoin,ETH/BTC,MKR/ETH,MKR/BTC,0.1757
2019-08-21T06:14:20.444Z,ETH,kucoin,MKR/ETH,MKR/BTC,ETH/BTC,0.1757
2019-08-21T06:14:35.090Z,BTC,kucoin,ETH/BTC,MKR/ETH,MKR/BTC,0.1539
2019-08-21T06:14:35.511Z,ETH,kucoin,MKR/ETH,MKR/BTC,ETH/BTC,0.1539
2019-08-21T06:14:46.205Z,BTC,zb,XLM/BTC,XLM/USDT,BTC/USDT,0.1285
2019-08-21T06:14:48.056Z,BTC,kucoin,ETH/BTC,MKR/ETH,MKR/BTC,0.1213
2019-08-21T06:14:48.487Z,ETH,kucoin,MKR/ETH,MKR/BTC,ETH/BTC,0.1213
2019-08-21T06:15:01.091Z,BTC,zb,XLM/BTC,XLM/USDT,BTC/USDT,0.1285
2019-08-21T06:15:03.565Z,BTC,kucoin,ETH/BTC,MKR/ETH,MKR/BTC,0.1485
2019-08-21T06:15:03.988Z,ETH,kucoin,MKR/ETH,MKR/BTC,ETH/BTC,0.1485
2019-08-21T06:15:16.094Z,BTC,zb,XLM/BTC,XLM/USDT,BTC/USDT,0.1285
2019-08-21T06:15:19.508Z,BTC,kucoin,ETH/BTC,MKR/ETH,MKR/BTC,0.1485
2019-08-21T06:15:19.940Z,ETH,kucoin,MKR/ETH,MKR/BTC,ETH/BTC,0.1485
2019-08-21T06:15:32.380Z,BTC,zb,XLM/BTC,XLM/USDT,BTC/USDT,0.2258
2019-08-21T06:15:36.118Z,BTC,kucoin,ETH/BTC,MKR/ETH,MKR/BTC,0.1594
2019-08-21T06:15:36.538Z,ETH,kucoin,MKR/ETH,MKR/BTC,ETH/BTC,0.1594
2019-08-21T06:15:46.678Z,BTC,zb,XLM/BTC,XLM/USDT,BTC/USDT,0.2082
2019-08-21T06:15:48.969Z,BTC,kucoin,ETH/BTC,MKR/ETH,MKR/BTC,0.1703
2019-08-21T06:15:49.396Z,ETH,kucoin,MKR/ETH,MKR/BTC,ETH/BTC,0.1703
2019-08-21T06:16:01.660Z,BTC,zb,XLM/BTC,XLM/USDT,BTC/USDT,0.2082
2019-08-21T06:16:06.950Z,BTC,kucoin,ETH/BTC,MKR/ETH,MKR/BTC,0.1104
2019-08-21T06:16:07.374Z,ETH,kucoin,MKR/ETH,MKR/BTC,ETH/BTC,0.1104
2019-08-21T06:16:16.361Z,BTC,zb,XLM/BTC,XLM/USDT,BTC/USDT,0.2082
2019-08-21T06:16:21.073Z,BTC,kucoin,ETH/BTC,MKR/ETH,MKR/BTC,0.0505
2019-08-21T06:16:21.500Z,ETH,kucoin,MKR/ETH,MKR/BTC,ETH/BTC,0.0505
2019-08-21T06:16:33.525Z,BTC,zb,XLM/BTC,XLM/USDT,BTC/USDT,0.2082
2019-08-21T06:16:46.844Z,BTC,zb,XLM/BTC,XLM/USDT,BTC/USDT,0.2082
2019-08-21T06:17:00.074Z,BTC,zb,XLM/BTC,XLM/USDT,BTC/USDT,0.148
2019-08-21T06:17:16.670Z,BTC,zb,XLM/BTC,XLM/USDT,BTC/USDT,0.2194
2019-08-21T06:17:32.495Z,BTC,zb,XLM/BTC,XLM/USDT,BTC/USDT,0.066
2019-08-21T06:18:17.072Z,BTC,zb,XLM/BTC,XLM/USDT,BTC/USDT,0.107
2019-08-21T06:18:34.202Z,BTC,zb,XLM/BTC,XLM/USDT,BTC/USDT,0.1118
2019-08-21T06:18:47.169Z,BTC,zb,XLM/BTC,XLM/USDT,BTC/USDT,0.1319
2019-08-21T06:19:03.158Z,BTC,zb,XLM/BTC,XLM/USDT,BTC/USDT,0.115
2019-08-21T06:19:17.023Z,BTC,zb,XLM/BTC,XLM/USDT,BTC/USDT,0.1196
2019-08-21T06:19:33.094Z,BTC,zb,XLM/BTC,XLM/USDT,BTC/USDT,0.1196
2019-08-21T06:19:47.210Z,BTC,zb,XLM/BTC,XLM/USDT,BTC/USDT,0.0506
2019-08-21T06:20:03.518Z,BTC,zb,XLM/BTC,XLM/USDT,BTC/USDT,0.0884
2019-08-21T06:20:17.343Z,BTC,zb,XLM/BTC,XLM/USDT,BTC/USDT,0.1412
2019-08-21T06:20:33.056Z,BTC,zb,XLM/BTC,XLM/USDT,BTC/USDT,0.1222
2019-08-21T06:20:49.709Z,BTC,zb,XLM/BTC,XLM/USDT,BTC/USDT,0.1469
2019-08-21T06:21:03.481Z,BTC,zb,XLM/BTC,XLM/USDT,BTC/USDT,0.1518
2019-08-21T06:21:33.159Z,BTC,zb,XLM/BTC,XLM/USDT,BTC/USDT,0.2023
2019-08-21T06:21:48.171Z,BTC,zb,XLM/BTC,XLM/USDT,BTC/USDT,0.1582
2019-08-21T06:22:04.213Z,BTC,zb,XLM/BTC,XLM/USDT,BTC/USDT,0.2019
2019-08-21T06:22:18.629Z,BTC,zb,XLM/BTC,XLM/USDT,BTC/USDT,0.1869
2019-08-21T06:22:33.866Z,BTC,zb,XLM/BTC,XLM/USDT,BTC/USDT,0.1866
2019-08-21T06:22:50.323Z,BTC,zb,XLM/BTC,XLM/USDT,BTC/USDT,0.1818
2019-08-21T06:23:03.273Z,BTC,zb,XLM/BTC,XLM/USDT,BTC/USDT,0.1475
2019-08-21T06:23:18.094Z,BTC,zb,XLM/BTC,XLM/USDT,BTC/USDT,0.1601
2019-08-21T06:23:33.868Z,BTC,zb,XLM/BTC,XLM/USDT,BTC/USDT,0.1662
2019-08-21T06:23:48.395Z,BTC,zb,XLM/BTC,XLM/USDT,BTC/USDT,0.176
2019-08-21T06:24:03.688Z,BTC,zb,XLM/BTC,XLM/USDT,BTC/USDT,0.1717
2019-08-21T06:24:19.618Z,BTC,zb,XLM/BTC,XLM/USDT,BTC/USDT,0.1717
2019-08-21T06:24:34.369Z,BTC,zb,XLM/BTC,XLM/USDT,BTC/USDT,0.1717
2019-08-21T06:24:49.591Z,BTC,zb,XLM/BTC,XLM/USDT,BTC/USDT,0.079
2019-08-21T06:25:03.644Z,BTC,zb,XLM/BTC,XLM/USDT,BTC/USDT,0.0851
2019-08-21T06:25:34.751Z,BTC,zb,XLM/BTC,XLM/USDT,BTC/USDT,0.0851
2019-08-21T06:25:48.671Z,BTC,zb,XLM/BTC,XLM/USDT,BTC/USDT,0.0851
2019-08-21T06:26:04.237Z,BTC,zb,XLM/BTC,XLM/USDT,BTC/USDT,0.1167
2019-08-21T06:26:19.959Z,BTC,zb,XLM/BTC,XLM/USDT,BTC/USDT,0.1216
2019-08-21T06:26:33.329Z,BTC,zb,XLM/BTC,XLM/USDT,BTC/USDT,0.1216
2019-08-21T06:26:49.933Z,BTC,zb,XLM/BTC,XLM/USDT,BTC/USDT,0.1216
2019-08-21T06:27:20.092Z,BTC,zb,XLM/BTC,XLM/USDT,BTC/USDT,0.1504
2019-08-21T06:27:33.336Z,BTC,zb,XLM/BTC,XLM/USDT,BTC/USDT,0.1504
2019-08-21T06:27:50.462Z,BTC,zb,XLM/BTC,XLM/USDT,BTC/USDT,0.1216
2019-08-21T06:27:59.047Z,BTC,zb,XLM/BTC,XLM/USDT,BTC/USDT,0.1312
2019-08-21T06:28:19.355Z,BTC,zb,XLM/BTC,XLM/USDT,BTC/USDT,0.1312
2019-08-21T06:28:35.392Z,BTC,zb,XLM/BTC,XLM/USDT,BTC/USDT,0.1312
2019-08-21T06:28:48.619Z,BTC,zb,XLM/BTC,XLM/USDT,BTC/USDT,0.1216
2019-08-21T06:29:04.572Z,BTC,zb,XLM/BTC,XLM/USDT,BTC/USDT,0.1216
2019-08-21T06:29:20.692Z,BTC,zb,XLM/BTC,XLM/USDT,BTC/USDT,0.1216
2019-08-21T06:29:34.585Z,BTC,zb,XLM/BTC,XLM/USDT,BTC/USDT,0.0924
2019-08-21T06:29:49.801Z,BTC,zb,XLM/BTC,XLM/USDT,BTC/USDT,0.1006
2019-08-21T06:30:05.864Z,BTC,zb,XLM/BTC,XLM/USDT,BTC/USDT,0.1006
2019-08-21T06:30:21.118Z,BTC,zb,XLM/BTC,XLM/USDT,BTC/USDT,0.1006
2019-08-21T06:30:33.983Z,BTC,zb,XLM/BTC,XLM/USDT,BTC/USDT,0.1006
2019-08-21T06:30:50.187Z,BTC,zb,XLM/BTC,XLM/USDT,BTC/USDT,0.1115
2019-08-21T06:31:05.806Z,BTC,zb,XLM/BTC,XLM/USDT,BTC/USDT,0.201
2019-08-21T06:31:20.855Z,BTC,zb,XLM/BTC,XLM/USDT,BTC/USDT,0.1556
2019-08-21T06:31:37.254Z,BTC,zb,XLM/BTC,XLM/USDT,BTC/USDT,0.1556
2019-08-21T06:31:50.292Z,BTC,zb,XLM/BTC,XLM/USDT,BTC/USDT,0.2473
2019-08-21T06:32:05.115Z,BTC,zb,XLM/BTC,XLM/USDT,BTC/USDT,0.3175
2019-08-21T06:36:37.018Z,BTC,kucoin,BNB/BTC,BNB/USDT,BTC/USDT,0.0659
2019-08-21T06:41:12.030Z,BTC,kucoin,BNB/BTC,BNB/USDT,BTC/USDT,0.0783
2019-08-21T06:43:40.466Z,BTC,kucoin,BNB/BTC,BNB/USDT,BTC/USDT,0.0813
2019-08-21T06:43:53.839Z,BTC,kucoin,BNB/BTC,BNB/USDT,BTC/USDT,0.0526
2019-08-21T06:44:12.980Z,BTC,kucoin,BNB/BTC,BNB/USDT,BTC/USDT,0.1317
2019-08-21T06:48:04.861Z,BTC,hitbtc,BTC/USDT,ATOM/USDT,ATOM/BTC,0.1156
2019-08-21T06:52:45.172Z,BTC,gateio,BTC/USDT,USDC/USDT,BTC/USDC,95.3043
2019-08-21T07:22:16.292Z,BTC,hitbtc,ATOM/BTC,ATOM/USDT,BTC/USDT,0.1742
2019-08-21T07:35:24.828Z,BTC,kucoin,ADA/BTC,ADA/USDT,BTC/USDT,0.2422
2019-08-21T07:35:41.204Z,BTC,kucoin,ADA/BTC,ADA/USDT,BTC/USDT,0.3052
2019-08-21T07:35:51.573Z,BTC,kucoin,ADA/BTC,ADA/USDT,BTC/USDT,0.3052
2019-08-21T07:36:09.502Z,BTC,kucoin,XTZ/BTC,XTZ/USDT,BTC/USDT,0.0582
2019-08-21T07:36:09.503Z,BTC,kucoin,ADA/BTC,ADA/USDT,BTC/USDT,0.0905
2019-08-21T07:36:21.023Z,BTC,kucoin,XTZ/BTC,XTZ/USDT,BTC/USDT,0.0601
2019-08-21T07:36:21.025Z,BTC,kucoin,ADA/BTC,ADA/USDT,BTC/USDT,0.0925
2019-08-21T07:36:40.641Z,BTC,kucoin,XTZ/BTC,XTZ/USDT,BTC/USDT,0.0621
2019-08-21T07:36:40.642Z,BTC,kucoin,ADA/BTC,ADA/USDT,BTC/USDT,0.0945
2019-08-21T07:36:56.398Z,BTC,kucoin,XTZ/BTC,XTZ/USDT,BTC/USDT,0.0808
2019-08-21T07:36:56.400Z,BTC,kucoin,ADA/BTC,ADA/USDT,BTC/USDT,0.1132
2019-08-21T07:37:06.813Z,BTC,kucoin,XTZ/BTC,XTZ/USDT,BTC/USDT,0.0808
2019-08-21T07:37:06.814Z,BTC,kucoin,ADA/BTC,ADA/USDT,BTC/USDT,0.3275
2019-08-21T07:37:07.596Z,BTC,coinex,ADA/BTC,ADA/USDT,BTC/USDT,0.3275
2019-08-21T07:37:22.624Z,BTC,kucoin,XTZ/BTC,XTZ/USDT,BTC/USDT,0.0798
2019-08-21T07:37:22.626Z,BTC,kucoin,ADA/BTC,ADA/USDT,BTC/USDT,0.3265
2019-08-21T07:37:50.271Z,BTC,zb,BTC/USDT,LTC/USDT,LTC/BTC,0.2456
2019-08-21T07:37:56.712Z,BTC,kucoin,ADA/BTC,ADA/USDT,BTC/USDT,0.3305
2019-08-21T07:38:07.896Z,BTC,kucoin,ADA/BTC,ADA/USDT,BTC/USDT,0.3364
2019-08-21T07:38:36.120Z,BTC,kucoin,ADA/BTC,ADA/USDT,BTC/USDT,0.122
2019-08-21T07:38:51.202Z,BTC,kucoin,ADA/BTC,ADA/USDT,BTC/USDT,0.1249
2019-08-21T07:39:08.557Z,BTC,kucoin,ADA/BTC,ADA/USDT,BTC/USDT,0.1456
2019-08-21T07:39:22.710Z,BTC,kucoin,ADA/BTC,ADA/USDT,BTC/USDT,0.1623
2019-08-21T07:39:53.266Z,BTC,kucoin,ADA/BTC,ADA/USDT,BTC/USDT,0.1623
2019-08-21T07:41:07.054Z,BTC,zb,BTC/USDT,LTC/USDT,LTC/BTC,0.373
2019-08-21T07:42:07.317Z,BTC,zb,BTC/USDT,LTC/USDT,LTC/BTC,0.3761
2019-08-21T07:43:07.540Z,BTC,zb,BTC/USDT,LTC/USDT,LTC/BTC,0.3298
2019-08-21T07:44:06.123Z,BTC,zb,BTC/USDT,LTC/USDT,LTC/BTC,0.3077
2019-08-21T07:44:26.757Z,BTC,kucoin,ZEC/BTC,ZEC/USDT,BTC/USDT,0.7332
2019-08-21T07:44:43.191Z,BTC,kucoin,ZEC/BTC,ZEC/USDT,BTC/USDT,0.7223
2019-08-21T07:44:52.628Z,BTC,kucoin,ZEC/BTC,ZEC/USDT,BTC/USDT,0.0612
2019-08-21T07:44:53.063Z,BTC,zb,BTC/USDT,LTC/USDT,LTC/BTC,0.3077
2019-08-21T07:45:03.203Z,BTC,kucoin,ZEC/BTC,ZEC/USDT,BTC/USDT,0.0534
2019-08-21T07:53:25.413Z,BTC,zb,BTC/USDT,LTC/USDT,LTC/BTC,0.557
2019-08-21T07:57:55.191Z,BTC,zb,BTC/USDT,LTC/USDT,LTC/BTC,0.8547
2019-08-21T07:59:30.534Z,BTC,kucoin,ZEC/BTC,ZEC/USDT,BTC/USDT,0.0679
2019-08-21T07:59:45.482Z,BTC,kucoin,ZEC/BTC,ZEC/USDT,BTC/USDT,0.0916
